-- Seed data for essential reference data and products
-- Generated for staging/production environments

SET session_replication_role = replica;

-- ============================================================================
-- ROLE PERMISSIONS SEED DATA
-- Critical for RLS policies to work correctly
-- ============================================================================

-- Seed role_permissions with default values for all roles
INSERT INTO public.role_permissions (
    role,
    view_users,
    manage_users,
    view_contacts,
    manage_contacts,
    view_campaigns,
    manage_campaigns,
    approve_campaigns,
    view_analytics,
    manage_approvals,
    view_workflows,
    view_emails,
    view_products,
    manage_products
) VALUES
    ('admin', true, true, true, true, true, true, true, true, true, true, true, true, true),
    ('sales', true, false, false, false, true, false, false, false, false, true, true, true, true),
    ('accounts', true, false, true, true, true, false, true, true, true, true, true, true, false),
    ('management', false, false, true, false, true, false, true, true, true, true, true, true, false)
ON CONFLICT (role) DO UPDATE SET
    view_users = EXCLUDED.view_users,
    manage_users = EXCLUDED.manage_users,
    view_contacts = EXCLUDED.view_contacts,
    manage_contacts = EXCLUDED.manage_contacts,
    view_campaigns = EXCLUDED.view_campaigns,
    manage_campaigns = EXCLUDED.manage_campaigns,
    approve_campaigns = EXCLUDED.approve_campaigns,
    view_analytics = EXCLUDED.view_analytics,
    manage_approvals = EXCLUDED.manage_approvals,
    view_workflows = EXCLUDED.view_workflows,
    view_emails = EXCLUDED.view_emails,
    view_products = EXCLUDED.view_products,
    manage_products = EXCLUDED.manage_products;

-- ============================================================================
-- SYSTEM CONFIG SEED DATA
-- Required configuration entries for the application
-- ============================================================================

INSERT INTO public.system_config (key, value, description) VALUES
    ('valid_email_categories', '{"spam": ["spam-marketing", "spam-phishing", "spam-automated", "spam-other"], "other": ["other-notification", "other-unknown"], "business": ["business-critical", "business-new_lead", "business-existing_customer", "business-new_order", "business-support", "business-transactional"], "personal": ["personal-friend", "personal-social", "personal-other"]}', 'Complete list of valid two-level email categories'),
    ('valid_email_intents', '{"intents": ["inquiry", "order", "quote_request", "complaint", "follow_up", "meeting_request", "feedback", "support_request", "other"]}', 'Valid email intent values (for business emails)'),
    ('valid_email_sentiments', '{"sentiments": ["positive", "neutral", "negative", "urgent"]}', 'Valid email sentiment values (for business emails)'),
    ('workflow_category_rules', '{"notes": "Default category matching rules for workflows. Can be overridden per workflow.", "enabled_categories": ["business-critical", "business-new_lead", "business-existing_customer", "business-new_order", "business-support"], "disabled_categories": ["business-transactional", "spam-*", "personal-*"]}', 'Global default for workflow category matching rules')
ON CONFLICT (key) DO NOTHING;

-- ============================================================================
-- PRODUCTS SEED DATA
-- ============================================================================

-- Data for Name: products; Type: TABLE DATA; Schema: public; Owner: postgres
--

INSERT INTO "public"."products" ("id", "product_code", "product_name", "main_category", "subcategory", "industry_category", "unit_price", "hsv_price", "qty_per_box", "moq", "currency", "sales_priority", "sales_priority_label", "market_potential", "background_history", "key_contacts_reference", "forecast_notes", "sales_instructions", "sales_timing_notes", "sales_status", "is_active", "created_at", "updated_at", "product_type", "description", "website_url") VALUES
	('963a3f64-8adf-4f00-8a27-7626b2fda3ae', 'MA139', 'Midogas Analgesic Unit', 'MIDOGAS Products', 'MIDOGAS UNIT', 'Birthing/Biomed', 12950.00, NULL, 1, 1, 'AUD', 1, NULL, NULL, NULL, NULL, NULL, NULL, NULL, 'active', true, '2025-11-25 12:36:34.962094', '2025-11-25 12:36:34.962094', 'main_unit', 'The Gold Standard for administering variable analgesic gas mixture of Nitrous Oxide & Oxygen. Demand inhalation unit for pain relief. Manufactured, serviced and repaired locally. Highly effective, durable and popular over many decades.', 'https://pdmedical.com.au/midogas/'),
	('5c7103dd-438e-4226-8f35-48a5ffd2e8f7', 'EOL-C', 'Suco Sensor Board (end-of-line resistor board)', 'Gas Alarm Systems', 'Gas Alarm Systems', 'General', 14.80, NULL, 50, 50, 'AUD', NULL, NULL, NULL, NULL, NULL, NULL, NULL, NULL, 'active', true, '2025-11-25 12:36:34.962094', '2025-11-25 12:36:34.962094', 'main_unit', 'End-of-line sensor boards for medical gas pressure systems. Connect to alarm switches with voltage-free contacts. Available for Suco and generic pressure switches. Compatible with PDMedical, BOC and ASCON gas alarm systems.', 'https://pdmedical.com.au/gas-alarm-panel-2/'),
	('adb5f5da-a5e5-460e-9a7a-173a29aa61c7', 'EOL-GP', 'Generic Sensor Board (Square)', 'Gas Alarm Systems', 'Gas Alarm Systems', 'General', 16.85, NULL, 25, 50, 'AUD', NULL, NULL, NULL, NULL, NULL, NULL, NULL, NULL, 'active', true, '2025-11-25 12:36:34.962094', '2025-11-25 12:36:34.962094', 'main_unit', 'End-of-line sensor boards for medical gas pressure systems. Connect to alarm switches with voltage-free contacts. Available for Suco and generic pressure switches. Compatible with PDMedical, BOC and ASCON gas alarm systems.', 'https://pdmedical.com.au/gas-alarm-panel-2/'),
	('97fe9c4b-3770-4dab-95df-c109b4af23d2', '707820', 'Midogas Knob Master Control', 'MIDOGAS Products', 'MIDOGAS Spare Parts', 'Birthing/Biomed', 42.50, NULL, NULL, 1, 'AUD', NULL, NULL, NULL, NULL, NULL, NULL, NULL, NULL, 'active', true, '2025-11-25 12:36:34.962094', '2025-11-25 12:36:34.962094', 'spare_part', 'Spare part/component for Midogas and medical gas systems. High quality, reliable performance.', NULL),
	('627d3eec-5d9d-4222-939f-5d7b70f5ee69', 'PPE-C', 'PPE Caddy', 'PPE Products', 'PPE Caddy', 'Infection Control', 135.50, NULL, 3, 3, 'AUD', 2, NULL, NULL, NULL, NULL, NULL, NULL, NULL, 'active', true, '2025-11-25 12:36:34.962094', '2025-11-25 12:36:34.962094', 'main_unit', 'Holds all PPE for normal, airborne, contact and droplet precautions. Simple, clean, intuitive, instructive. Minimizes pathogen transmission. Provides consistent, clean, professional layout. Developed with IC nurses in Australian hospitals.', 'https://pdmedical.com.au/ppe-caddy-wall-and-mobile/'),
	('f708541e-c11f-4ea5-966a-3b943f0758f3', 'PPE-C1', 'PPE Caddy-C1 (clipboard + clean-up caddy)', 'PPE Products', 'PPE Caddy', 'Infection Control', 171.50, NULL, 3, 3, 'AUD', NULL, NULL, NULL, NULL, NULL, NULL, NULL, NULL, 'active', true, '2025-11-25 12:36:34.962094', '2025-11-25 12:36:34.962094', 'main_unit', 'Holds all PPE for normal, airborne, contact and droplet precautions. Simple, clean, intuitive, instructive. Minimizes pathogen transmission. Provides consistent, clean, professional layout. Developed with IC nurses in Australian hospitals.', 'https://pdmedical.com.au/ppe-caddy-wall-and-mobile/'),
	('3f4136ab-2e2b-4b4a-b41d-f9aa87aefda4', 'SC-100P-STV', 'Sharps Caddy Small Pink', 'Safe Sharps Handling', 'Sharps Caddy', 'Infection Control', 48.95, 56.00, 4, 4, 'AUD', NULL, NULL, NULL, NULL, NULL, NULL, NULL, NULL, 'active', true, '2025-11-25 12:36:34.962094', '2025-11-25 12:36:34.962094', 'main_unit', 'Protects nurses from sharps and needle injuries. Dispose contaminated sharps at point of use. Developed with IC nurses at St Vincents Private Hospital, Melbourne. Promotes 5 steps of hand hygiene.', 'https://pdmedical.com.au/sharps-caddy/'),
	('39e819fd-5db9-4781-887b-a6ce46816a52', 'BAR_PAN_P', 'Bariatric Pan Pink', 'Miscellaneous Products', 'Miscellaneous', 'General', 52.30, NULL, 20, 20, 'AUD', 3, NULL, NULL, NULL, NULL, NULL, NULL, NULL, 'active', true, '2025-11-25 12:36:34.962094', '2025-11-25 12:36:34.962094', 'main_unit', 'For bariatric wheelchairs and commodes including Broda. Easy fit, easy use, easy clean. Stable, durable, autoclavable. Low profile design, easy to place. Accommodates bariatric and obstetric patients.', 'https://pdmedical.com.au/bariatric-commode-pan/'),
	('5f727d29-9242-41ac-8317-972bf566593e', 'BAR_PAN_G', 'Bariatric Pan Green', 'Miscellaneous Products', 'Miscellaneous', 'General', 52.30, NULL, 20, 20, 'AUD', NULL, NULL, NULL, NULL, NULL, NULL, NULL, NULL, 'active', true, '2025-11-25 12:36:34.962094', '2025-11-25 12:36:34.962094', 'main_unit', 'For bariatric wheelchairs and commodes including Broda. Easy fit, easy use, easy clean. Stable, durable, autoclavable. Low profile design, easy to place. Accommodates bariatric and obstetric patients.', 'https://pdmedical.com.au/bariatric-commode-pan/'),
	('df3183ca-7058-40bd-8313-fbafd47e589f', 'MA142-M', 'Midogas Mobile Stand (Two-Way Handle Only)', 'MIDOGAS Products', 'Midogas Mobile Stands', 'Birthing/Biomed', 1465.00, NULL, NULL, 1, 'AUD', NULL, NULL, NULL, NULL, NULL, NULL, NULL, NULL, 'active', true, '2025-11-25 12:36:34.962094', '2025-11-25 12:36:34.962094', 'accessory', 'Low gravity design with heavy base for stability and ease of use. Can incorporate the Gas Scavenge Unit. For use with Midogas system.', 'https://pdmedical.com.au/midogas/'),
	('7fe55b8b-7b09-4d30-b82c-d306934b67b6', 'MA142-MB', 'Midogas Mobile Stand with Basket', 'MIDOGAS Products', 'Midogas Mobile Stands', 'Birthing/Biomed', 1560.00, NULL, NULL, 1, 'AUD', NULL, NULL, NULL, NULL, NULL, NULL, NULL, NULL, 'active', true, '2025-11-25 12:36:34.962094', '2025-11-25 12:36:34.962094', 'accessory', 'Low gravity design with heavy base for stability and ease of use. Can incorporate the Gas Scavenge Unit. For use with Midogas system.', 'https://pdmedical.com.au/midogas/'),
	('aedbb06f-8441-4274-9eab-d4fc57b76bb9', 'MA142-MG', 'Midogas Mobile Stand with Gas Bottle Holders', 'MIDOGAS Products', 'Midogas Mobile Stands', 'Birthing/Biomed', 1655.00, NULL, NULL, 1, 'AUD', NULL, NULL, NULL, NULL, NULL, NULL, NULL, NULL, 'active', true, '2025-11-25 12:36:34.962094', '2025-11-25 12:36:34.962094', 'accessory', 'Low gravity design with heavy base for stability and ease of use. Can incorporate the Gas Scavenge Unit. For use with Midogas system.', 'https://pdmedical.com.au/midogas/'),
	('4da8cd52-0ed8-4b10-9972-5eb8feca0c60', 'MA142-MBG', 'Midogas Mobile Stand with Basket and Gas Bottle Holders', 'MIDOGAS Products', 'Midogas Mobile Stands', 'Birthing/Biomed', 1740.00, NULL, NULL, 1, 'AUD', NULL, NULL, NULL, NULL, NULL, NULL, NULL, NULL, 'active', true, '2025-11-25 12:36:34.962094', '2025-11-25 12:36:34.962094', 'accessory', 'Low gravity design with heavy base for stability and ease of use. Can incorporate the Gas Scavenge Unit. For use with Midogas system.', 'https://pdmedical.com.au/midogas/'),
	('97f32636-67f6-49ec-9977-177c4e31349e', 'MA139MSH', 'Two Way Handle', 'MIDOGAS Products', 'Midogas Mobile Stands', 'Birthing/Biomed', 140.00, NULL, NULL, 1, 'AUD', NULL, NULL, NULL, NULL, NULL, NULL, NULL, NULL, 'active', true, '2025-11-25 12:36:34.962094', '2025-11-25 12:36:34.962094', 'accessory', 'Low gravity design with heavy base for stability and ease of use. Can incorporate the Gas Scavenge Unit. For use with Midogas system.', 'https://pdmedical.com.au/midogas/'),
	('da9346d3-f0a2-43d9-afc5-6ffbe3d1d7cc', 'MA139MSB', 'Basket', 'MIDOGAS Products', 'Midogas Mobile Stands', 'Birthing/Biomed', 125.00, NULL, NULL, 1, 'AUD', NULL, NULL, NULL, NULL, NULL, NULL, NULL, NULL, 'active', true, '2025-11-25 12:36:34.962094', '2025-11-25 12:36:34.962094', 'accessory', 'Low gravity design with heavy base for stability and ease of use. Can incorporate the Gas Scavenge Unit. For use with Midogas system.', 'https://pdmedical.com.au/midogas/'),
	('0e865f44-8316-4630-bf08-8ba58dce93aa', 'GBH-C2SP', '2xC Gas Bottle Holder (Std + Scavenge)', 'MIDOGAS Products', 'Midogas Mobile Stands', 'Birthing/Biomed', 285.00, NULL, NULL, 1, 'AUD', NULL, NULL, NULL, NULL, NULL, NULL, NULL, NULL, 'active', true, '2025-11-25 12:36:34.962094', '2025-11-25 12:36:34.962094', 'accessory', 'Low gravity design with heavy base for stability and ease of use. Can incorporate the Gas Scavenge Unit. For use with Midogas system.', 'https://pdmedical.com.au/midogas/'),
	('701c7122-3e38-4519-98a8-176917ff0fc5', 'GBH-C2P-D', '2xD Gas Bottle Holder', 'MIDOGAS Products', 'Midogas Mobile Stands', 'Birthing/Biomed', 285.00, NULL, NULL, 1, 'AUD', NULL, NULL, NULL, NULL, NULL, NULL, NULL, NULL, 'active', true, '2025-11-25 12:36:34.962094', '2025-11-25 12:36:34.962094', 'accessory', 'Low gravity design with heavy base for stability and ease of use. Can incorporate the Gas Scavenge Unit. For use with Midogas system.', 'https://pdmedical.com.au/midogas/'),
	('440aa0ca-c0d9-4930-9674-26dd6b3dbe6c', 'GBH-C1P25', 'IV25 - 1xC Gas Bottle Holder', 'MIDOGAS Products', 'Midogas Mobile Stands', 'Birthing/Biomed', 285.00, NULL, NULL, 1, 'AUD', NULL, NULL, NULL, NULL, NULL, NULL, NULL, NULL, 'active', true, '2025-11-25 12:36:34.962094', '2025-11-25 12:36:34.962094', 'accessory', 'Low gravity design with heavy base for stability and ease of use. Can incorporate the Gas Scavenge Unit. For use with Midogas system.', 'https://pdmedical.com.au/midogas/'),
	('274192eb-bc6d-4419-a7e9-6063a18ab69f', 'GBH-C1P38', 'IV38 - 1xC Gas Bottle Holder', 'MIDOGAS Products', 'Midogas Mobile Stands', 'Birthing/Biomed', 285.00, NULL, NULL, 1, 'AUD', NULL, NULL, NULL, NULL, NULL, NULL, NULL, NULL, 'active', true, '2025-11-25 12:36:34.962094', '2025-11-25 12:36:34.962094', 'accessory', 'Low gravity design with heavy base for stability and ease of use. Can incorporate the Gas Scavenge Unit. For use with Midogas system.', 'https://pdmedical.com.au/midogas/'),
	('ce40a486-2833-4837-ad4b-2409ff215501', 'MA139 SERV', 'Midogas Std Service', 'MIDOGAS Products', 'Midogas Servicing', 'Birthing/Biomed', 1250.00, NULL, NULL, 1, 'AUD', 2, NULL, NULL, NULL, NULL, NULL, NULL, NULL, 'active', true, '2025-11-25 12:36:34.962094', '2025-11-25 12:36:34.962094', 'service', 'Service and repair of Midogas units. Quick service and ongoing support.', 'https://pdmedical.com.au/midogas-service-and-repairs/'),
	('7e6f842b-e949-4be6-8e57-aa6f5abe3830', 'MA139-S+R', 'Midogas Service and Repair', 'MIDOGAS Products', 'Midogas Servicing', 'Birthing/Biomed', NULL, NULL, NULL, 1, 'AUD', NULL, NULL, NULL, NULL, NULL, NULL, NULL, NULL, 'active', true, '2025-11-25 12:36:34.962094', '2025-11-25 12:36:34.962094', 'service', 'Service and repair of Midogas units. Quick service and ongoing support.', 'https://pdmedical.com.au/midogas-service-and-repairs/'),
	('334d2252-2236-4188-91ac-7424b66c9e4d', '512071', 'Midogas Service Kit', 'MIDOGAS Products', 'Midogas Servicing', 'Birthing/Biomed', 475.50, NULL, NULL, NULL, 'AUD', 2, NULL, NULL, NULL, NULL, NULL, NULL, NULL, 'active', true, '2025-11-25 12:36:34.962094', '2025-11-25 12:36:34.962094', 'kit', 'Service and repair of Midogas units. Quick service and ongoing support.', 'https://pdmedical.com.au/midogas-service-and-repairs/'),
	('ab6223be-bde2-497d-8a8f-c0955383bfed', 'DM493', 'Midogas Label Master Control (ON/OFF)', 'MIDOGAS Products', 'MIDOGAS Spare Parts', 'Birthing/Biomed', 48.50, NULL, NULL, 1, 'AUD', NULL, NULL, NULL, NULL, NULL, NULL, NULL, NULL, 'active', true, '2025-11-25 12:36:34.962094', '2025-11-25 12:36:34.962094', 'spare_part', 'Spare part/component for Midogas and medical gas systems. High quality, reliable performance.', NULL),
	('3ac9b0a8-9cd3-4f1b-a6f7-87055caefa7b', 'GBH-C2P', '2xC Gas Bottle Holder', 'MIDOGAS Products', 'Midogas Mobile Stands', 'Birthing/Biomed', 285.00, NULL, NULL, 1, 'AUD', NULL, NULL, NULL, NULL, NULL, NULL, NULL, NULL, 'active', true, '2025-11-25 12:36:34.962094', '2025-11-25 12:36:34.962094', 'accessory', 'Low gravity design with heavy base for stability and ease of use. Can incorporate the Gas Scavenge Unit. For use with Midogas system.', 'https://pdmedical.com.au/midogas/'),
	('7e7aa2ea-93b5-42e1-a5c0-2e8780f778ca', 'PPE-ASS', 'PPE Clipboard (Single Sided)', 'PPE Products', 'PPE Accessories and Consumables', 'Infection Control', 12.00, NULL, NULL, NULL, 'AUD', NULL, NULL, NULL, NULL, NULL, NULL, NULL, NULL, 'active', true, '2025-11-25 12:36:34.962094', '2025-11-25 12:36:34.962094', 'consumable', 'PPE accessory for infection control. High quality, practical design.', NULL),
	('c78a6b04-0ac9-4d96-9bbf-90b4687cbb17', 'PPE-DFS', 'Frame Face Shield', 'PPE Products', 'PPE Accessories and Consumables', 'Infection Control', 3.65, NULL, NULL, NULL, 'AUD', NULL, NULL, NULL, NULL, NULL, NULL, NULL, NULL, 'active', true, '2025-11-25 12:36:34.962094', '2025-11-25 12:36:34.962094', 'consumable', 'Full face shields provide comfortable protection against contamination of eyes, nose & mouth. Optically clear, anti-glare and latex free. Accommodates eyeglasses and face masks. Disposable glasses are lightweight and comfortable.', 'https://pdmedical.com.au/ppe-face-eyes-shields/'),
	('0f23cce7-d750-4e89-aa83-2dc412122cbf', 'PPE-C3', 'PPE Caddy-C3 (clipboard + clean-up + basket)', 'PPE Products', 'PPE Caddy', 'Infection Control', 265.60, NULL, 3, 3, 'AUD', NULL, NULL, NULL, NULL, NULL, NULL, NULL, NULL, 'active', true, '2025-11-25 12:36:34.962094', '2025-11-25 12:36:34.962094', 'main_unit', 'Holds all PPE for normal, airborne, contact and droplet precautions. Simple, clean, intuitive, instructive. Minimizes pathogen transmission. Provides consistent, clean, professional layout. Developed with IC nurses in Australian hospitals.', 'https://pdmedical.com.au/ppe-caddy-wall-and-mobile/'),
	('0b85dc17-600b-48a2-bc1a-42a6e5c0d588', 'PPE-CH', 'PPE Caddy Wall Hanger', 'PPE Products', 'PPE Caddy', 'Infection Control', 30.00, NULL, NULL, NULL, 'AUD', NULL, NULL, NULL, NULL, NULL, NULL, NULL, NULL, 'active', true, '2025-11-25 12:36:34.962094', '2025-11-25 12:36:34.962094', 'main_unit', 'Holds all PPE for normal, airborne, contact and droplet precautions. Simple, clean, intuitive, instructive. Minimizes pathogen transmission. Provides consistent, clean, professional layout. Developed with IC nurses in Australian hospitals.', 'https://pdmedical.com.au/ppe-caddy-wall-and-mobile/'),
	('95598e9e-8f67-4b29-9dfb-5d87a3dee32e', 'PPE-MC', 'PPE Mobile Caddy', 'PPE Products', 'PPE Caddy', 'Infection Control', 1450.00, NULL, 1, NULL, 'AUD', NULL, NULL, NULL, NULL, NULL, NULL, NULL, NULL, 'active', true, '2025-11-25 12:36:34.962094', '2025-11-25 12:36:34.962094', 'main_unit', 'Holds all PPE for normal, airborne, contact and droplet precautions. Simple, clean, intuitive, instructive. Minimizes pathogen transmission. Provides consistent, clean, professional layout. Developed with IC nurses in Australian hospitals.', 'https://pdmedical.com.au/ppe-caddy-wall-and-mobile/'),
	('50d12f72-6111-4022-81b8-b6a3a68ff0ef', 'PPE-ADS', 'PPE Clipboard (Double Sided)', 'PPE Products', 'PPE Accessories and Consumables', 'Infection Control', 15.00, NULL, NULL, NULL, 'AUD', NULL, NULL, NULL, NULL, NULL, NULL, NULL, NULL, 'active', true, '2025-11-25 12:36:34.962094', '2025-11-25 12:36:34.962094', 'consumable', 'PPE accessory for infection control. High quality, practical design.', NULL),
	('7770582e-3eff-4e34-83ea-91a3a366be28', 'PPE-DG', 'Disposable Glasses', 'PPE Products', 'PPE Accessories and Consumables', 'Infection Control', 2.10, NULL, NULL, NULL, 'AUD', NULL, NULL, NULL, NULL, NULL, NULL, NULL, NULL, 'active', true, '2025-11-25 12:36:34.962094', '2025-11-25 12:36:34.962094', 'consumable', 'Full face shields provide comfortable protection against contamination of eyes, nose & mouth. Optically clear, anti-glare and latex free. Accommodates eyeglasses and face masks. Disposable glasses are lightweight and comfortable.', 'https://pdmedical.com.au/ppe-face-eyes-shields/'),
	('a67d6f51-15ab-448b-a95d-b2da85e2a909', 'PPE-DGF', 'Disposable Glasses Frame', 'PPE Products', 'PPE Accessories and Consumables', 'Infection Control', 0.60, NULL, NULL, NULL, 'AUD', NULL, NULL, NULL, NULL, NULL, NULL, NULL, NULL, 'active', true, '2025-11-25 12:36:34.962094', '2025-11-25 12:36:34.962094', 'consumable', 'Full face shields provide comfortable protection against contamination of eyes, nose & mouth. Optically clear, anti-glare and latex free. Accommodates eyeglasses and face masks. Disposable glasses are lightweight and comfortable.', 'https://pdmedical.com.au/ppe-face-eyes-shields/'),
	('6bf0fcdc-1b7d-4e27-bdd2-a40b6c2ac3ed', 'PPE-DGL', 'Disposable Glasses Lens', 'PPE Products', 'PPE Accessories and Consumables', 'Infection Control', 1.50, NULL, NULL, NULL, 'AUD', NULL, NULL, NULL, NULL, NULL, NULL, NULL, NULL, 'active', true, '2025-11-25 12:36:34.962094', '2025-11-25 12:36:34.962094', 'consumable', 'Full face shields provide comfortable protection against contamination of eyes, nose & mouth. Optically clear, anti-glare and latex free. Accommodates eyeglasses and face masks. Disposable glasses are lightweight and comfortable.', 'https://pdmedical.com.au/ppe-face-eyes-shields/'),
	('f251865c-d9c4-4946-abaf-6f7053c34697', 'PPE-FFS', 'Full Face Shield', 'PPE Products', 'PPE Accessories and Consumables', 'Infection Control', 4.65, NULL, 150, NULL, 'AUD', NULL, NULL, NULL, NULL, NULL, NULL, NULL, NULL, 'active', true, '2025-11-25 12:36:34.962094', '2025-11-25 12:36:34.962094', 'consumable', 'Full face shields provide comfortable protection against contamination of eyes, nose & mouth. Optically clear, anti-glare and latex free. Accommodates eyeglasses and face masks. Disposable glasses are lightweight and comfortable.', 'https://pdmedical.com.au/ppe-face-eyes-shields/'),
	('c263b846-0502-4a1a-a0b9-0b819bcb3c15', 'PPE-S', 'PPE Signs', 'PPE Products', 'PPE Accessories and Consumables', 'Infection Control', 6.00, NULL, NULL, NULL, 'AUD', NULL, NULL, NULL, NULL, NULL, NULL, NULL, NULL, 'active', true, '2025-11-25 12:36:34.962094', '2025-11-25 12:36:34.962094', 'consumable', 'PPE accessory for infection control. High quality, practical design.', NULL),
	('49369e4e-a71a-4ff2-9c1b-a2f9e1259aa7', 'PPE-V', 'Clean-up Caddy', 'PPE Products', 'PPE Accessories and Consumables', 'Infection Control', 55.60, NULL, 5, NULL, 'AUD', NULL, NULL, NULL, NULL, NULL, NULL, NULL, NULL, 'active', true, '2025-11-25 12:36:34.962094', '2025-11-25 12:36:34.962094', 'consumable', 'PPE accessory for infection control. High quality, practical design.', NULL),
	('27be2a27-9e76-49c7-9835-f3e863d08b6c', 'PPE-GG', 'PPE Glove Box Holder', 'PPE Products', 'PPE Accessories and Consumables', 'Infection Control', 18.50, NULL, 1, 1, 'AUD', 2, NULL, NULL, NULL, NULL, NULL, NULL, NULL, 'active', true, '2025-11-25 12:36:34.962094', '2025-11-25 12:36:34.962094', 'consumable', 'PPE accessory for infection control. High quality, practical design.', NULL),
	('f5ad8c07-bb56-4b10-bb8a-33bbb1199dfd', 'SC-100B-STV', 'Sharps Caddy Small Blue', 'Safe Sharps Handling', 'Sharps Caddy', 'Infection Control', 48.95, 56.00, 4, 4, 'AUD', NULL, NULL, NULL, NULL, NULL, NULL, NULL, NULL, 'active', true, '2025-11-25 12:36:34.962094', '2025-11-25 12:36:34.962094', 'main_unit', 'Protects nurses from sharps and needle injuries. Dispose contaminated sharps at point of use. Developed with IC nurses at St Vincents Private Hospital, Melbourne. Promotes 5 steps of hand hygiene.', 'https://pdmedical.com.au/sharps-caddy/'),
	('777deed6-ba60-43fc-8cb6-57963885828b', 'SC-AT-200B', 'AT Sharps Caddy Large Blue', 'Safe Sharps Handling', 'Sharps Caddy', 'Infection Control', 53.35, 62.50, 4, 4, 'AUD', NULL, NULL, NULL, NULL, NULL, NULL, NULL, NULL, 'active', true, '2025-11-25 12:36:34.962094', '2025-11-25 12:36:34.962094', 'main_unit', 'Protects nurses from sharps and needle injuries. Dispose contaminated sharps at point of use. Developed with IC nurses at St Vincents Private Hospital, Melbourne. Promotes 5 steps of hand hygiene.', 'https://pdmedical.com.au/sharps-caddy/'),
	('df9b0052-9c3c-4465-8db3-0e9c8cfc9eff', 'SC-AT-200P', 'AT Sharps Caddy Large Pink', 'Safe Sharps Handling', 'Sharps Caddy', 'Infection Control', 53.35, 62.50, 4, 4, 'AUD', NULL, NULL, NULL, NULL, NULL, NULL, NULL, NULL, 'active', true, '2025-11-25 12:36:34.962094', '2025-11-25 12:36:34.962094', 'main_unit', 'Protects nurses from sharps and needle injuries. Dispose contaminated sharps at point of use. Developed with IC nurses at St Vincents Private Hospital, Melbourne. Promotes 5 steps of hand hygiene.', 'https://pdmedical.com.au/sharps-caddy/'),
	('08b5de99-fada-4a76-aa26-bfe5ffe6799f', 'SC-INS-200P', 'Sharps Caddy Insert Pink', 'Safe Sharps Handling', 'Sharps Caddy', 'Infection Control', 6.95, NULL, 4, 4, 'AUD', NULL, NULL, NULL, NULL, NULL, NULL, NULL, NULL, 'active', true, '2025-11-25 12:36:34.962094', '2025-11-25 12:36:34.962094', 'main_unit', 'Protects nurses from sharps and needle injuries. Dispose contaminated sharps at point of use. Developed with IC nurses at St Vincents Private Hospital, Melbourne. Promotes 5 steps of hand hygiene.', 'https://pdmedical.com.au/sharps-caddy/'),
	('610fa41d-81d7-4609-9cf2-98e42e2aaf03', 'SC-100PP-STV', 'Sharps Caddy Small Purple', 'Safe Sharps Handling', 'Sharps Caddy', 'Infection Control', 48.95, 56.00, 4, 4, 'AUD', NULL, NULL, NULL, NULL, NULL, NULL, NULL, NULL, 'active', true, '2025-11-25 12:36:34.962094', '2025-11-25 12:36:34.962094', 'main_unit', 'Protects nurses from sharps and needle injuries. Dispose contaminated sharps at point of use. Developed with IC nurses at St Vincents Private Hospital, Melbourne. Promotes 5 steps of hand hygiene.', 'https://pdmedical.com.au/sharps-caddy/'),
	('1285cbca-793c-480f-aa8d-ddfcf1449ecc', 'SC-INS-200B', 'Sharps Caddy Insert Blue', 'Safe Sharps Handling', 'Sharps Caddy', 'Infection Control', 6.95, NULL, 4, 4, 'AUD', NULL, NULL, NULL, NULL, NULL, NULL, NULL, NULL, 'active', true, '2025-11-25 12:36:34.962094', '2025-11-25 12:36:34.962094', 'main_unit', 'Protects nurses from sharps and needle injuries. Dispose contaminated sharps at point of use. Developed with IC nurses at St Vincents Private Hospital, Melbourne. Promotes 5 steps of hand hygiene.', 'https://pdmedical.com.au/sharps-caddy/'),
	('38e2f1ed-6014-4b60-8607-dde8398fc735', 'SC-CONT-1.4L', 'Sharps Container 1.4L (Yellow)', 'Safe Sharps Handling', 'Sharps Container', 'Infection Control', 4.53, 4.87, 30, 60, 'AUD', 1, NULL, NULL, NULL, NULL, NULL, NULL, NULL, 'active', true, '2025-11-25 12:36:34.962094', '2025-11-25 12:36:34.962094', 'consumable', '1.4L container for sharps disposal', 'https://pdmedical.com.au/sharps-caddy/'),
	('163d1402-7f06-4bf3-9ded-e286fce31b98', 'SBR1', 'Scalpel Blade Remover - STERILE', 'Safe Sharps Handling', 'Scalpel Blade Remover', 'Infection Control', 3.65, NULL, 50, NULL, 'AUD', 2, NULL, NULL, NULL, NULL, NULL, NULL, NULL, 'active', true, '2025-11-25 12:36:34.962094', '2025-11-25 12:36:34.962094', 'main_unit', 'Safe and easy way to remove scalpel blades during operations. Works with any handle, any blade. Easy to hold, intuitive, comfortable and stable in operation. Minimizes injury risk and infection transmission (hepatitis, HIV/AIDS).', 'https://pdmedical.com.au/scalpel-blade-remover/'),
	('10398155-938b-4801-978d-f1b4a227d2f2', 'SBR2', 'Scalpel Blade Remover - NON-STERILE', 'Safe Sharps Handling', 'Scalpel Blade Remover', 'Infection Control', 2.20, NULL, 50, NULL, 'AUD', NULL, NULL, NULL, NULL, NULL, NULL, NULL, NULL, 'active', true, '2025-11-25 12:36:34.962094', '2025-11-25 12:36:34.962094', 'main_unit', 'Safe and easy way to remove scalpel blades during operations. Works with any handle, any blade. Easy to hold, intuitive, comfortable and stable in operation. Minimizes injury risk and infection transmission (hepatitis, HIV/AIDS).', 'https://pdmedical.com.au/scalpel-blade-remover/'),
	('b12beb78-4af0-4483-a6b2-524366be09b4', 'ST_G1-NH_B', 'Tray General Purpose No Hole Bulk', 'Safe Sharps Handling', 'Instrument Trays', 'Infection Control', 2.25, NULL, 100, 2700, 'AUD', NULL, NULL, NULL, NULL, NULL, NULL, NULL, NULL, 'active', true, '2025-11-25 12:36:34.962094', '2025-11-25 12:36:34.962094', 'main_unit', '3 types for holding, transferring and managing sharps safely. Safe, comfortable to hold, easy to maneuver. Designed for the most dangerous phase of operations (suturing).', 'https://pdmedical.com.au/operating-theatre-transfer-trays/'),
	('1f1b23cb-939f-4366-ae2e-12b13cff591d', 'ST_S1-NH_B', 'Tray Scalpel/Syringe No Hole Bulk', 'Safe Sharps Handling', 'Instrument Trays', 'Infection Control', 2.25, NULL, 100, 2700, 'AUD', NULL, NULL, NULL, NULL, NULL, NULL, NULL, NULL, 'active', true, '2025-11-25 12:36:34.962094', '2025-11-25 12:36:34.962094', 'main_unit', '3 types for holding, transferring and managing sharps safely. Safe, comfortable to hold, easy to maneuver. Designed for the most dangerous phase of operations (suturing).', 'https://pdmedical.com.au/operating-theatre-transfer-trays/'),
	('98fb6d44-bcbb-4729-8ed9-04e46ee7daf3', 'SC-WM', 'Sharps Caddy Wall Mount', 'Safe Sharps Handling', 'Sharps Caddy', 'Infection Control', 12.50, NULL, 1, 1, 'AUD', 1, NULL, NULL, NULL, NULL, NULL, NULL, NULL, 'active', true, '2025-11-25 12:36:34.962094', '2025-11-25 12:36:34.962094', 'main_unit', 'Protects nurses from sharps and needle injuries. Dispose contaminated sharps at point of use. Developed with IC nurses at St Vincents Private Hospital, Melbourne. Promotes 5 steps of hand hygiene.', 'https://pdmedical.com.au/sharps-caddy/'),
	('c4dc3913-490b-4ba0-8854-6539b5d8c457', 'TC1014PP-S', 'Tube Connector: Large 10-14mm OD x 8mm ID. STERILE', 'Tube Connectors', 'Tube Connectors (Sterile & Non-Sterile)', 'General', 1.86, 2.06, 200, 200, 'AUD', NULL, NULL, NULL, NULL, NULL, NULL, NULL, NULL, 'active', true, '2025-11-25 12:36:34.962094', '2025-11-25 12:36:34.962094', 'consumable', 'High quality, wide range of sizes. Manufactured and distributed locally, always available. Custom options available on request.', 'https://pdmedical.com.au/tube-connectors-adaptors-spigots/'),
	('b200693e-6dc5-4044-822f-357a7866152d', 'TA37PP-S', 'Tube Adaptor: X-small/Medium 3-5mm/7-10mm OD x 2mm ID. STERILE', 'Tube Connectors', 'Tube Adaptors', 'General', 1.86, 2.06, 200, 200, 'AUD', NULL, NULL, NULL, NULL, NULL, NULL, NULL, NULL, 'active', true, '2025-11-25 12:36:34.962094', '2025-11-25 12:36:34.962094', 'consumable', 'High quality, wide range of sizes. Manufactured and distributed locally, always available. Custom options available on request.', 'https://pdmedical.com.au/tube-connectors-adaptors-spigots/'),
	('84b56cd6-3f9d-4ace-b598-953866361dca', 'TA47PP-S', 'Tube Adaptor: Small/Medium 4-7mm/7-10mm OD x 3mm ID. STERILE', 'Tube Connectors', 'Tube Adaptors', 'General', 1.86, 2.06, 200, 200, 'AUD', NULL, NULL, NULL, NULL, NULL, NULL, NULL, NULL, 'active', true, '2025-11-25 12:36:34.962094', '2025-11-25 12:36:34.962094', 'consumable', 'High quality, wide range of sizes. Manufactured and distributed locally, always available. Custom options available on request.', 'https://pdmedical.com.au/tube-connectors-adaptors-spigots/'),
	('0c4e0bea-e750-4435-b35c-875d065fb589', 'YC810PP-S', 'Y-Tube Connector: Medium 8-10mm OD x 6mm ID. STERILE', 'Tube Connectors', 'Y-Tube Connectors', 'General', 2.75, 2.86, 100, 100, 'AUD', NULL, NULL, NULL, NULL, NULL, NULL, NULL, NULL, 'active', true, '2025-11-25 12:36:34.962094', '2025-11-25 12:36:34.962094', 'consumable', 'High quality, wide range of sizes. Manufactured and distributed locally, always available. Custom options available on request.', 'https://pdmedical.com.au/tube-connectors-adaptors-spigots/'),
	('fbe5349d-cb27-4e21-ac29-e46c472d437f', 'SP10PP-S', 'Spigot 10mm: 0-10mm OD x 49mm long. STERILE', 'Tube Connectors', 'Spigots', 'General', 1.86, 2.06, 200, 200, 'AUD', NULL, NULL, NULL, NULL, NULL, NULL, NULL, NULL, 'active', true, '2025-11-25 12:36:34.962094', '2025-11-25 12:36:34.962094', 'consumable', 'High quality, wide range of sizes. Manufactured and distributed locally, always available. Custom options available on request.', 'https://pdmedical.com.au/tube-connectors-adaptors-spigots/'),
	('099cb4cb-de50-4c1d-b2a1-df542d339571', 'TC47PP-S', 'Tube Connector: Small 4-7mm OD x 3mm ID. STERILE', 'Tube Connectors', 'Tube Connectors (Sterile & Non-Sterile)', 'General', 1.86, 2.06, 200, 200, 'AUD', NULL, NULL, NULL, NULL, NULL, NULL, NULL, NULL, 'active', true, '2025-11-25 12:36:34.962094', '2025-11-25 12:36:34.962094', 'consumable', 'High quality, wide range of sizes. Manufactured and distributed locally, always available. Custom options available on request.', 'https://pdmedical.com.au/tube-connectors-adaptors-spigots/'),
	('fead3008-c438-4370-8017-bbf42e83b435', 'TC1014PP', 'Tube Connector: Large 10-14mm OD x 8mm ID. NON-STERILE', 'Tube Connectors', 'Tube Connectors (Sterile & Non-Sterile)', 'General', 1.35, NULL, 1, 1, 'AUD', 1, NULL, NULL, NULL, NULL, NULL, NULL, NULL, 'active', true, '2025-11-25 12:36:34.962094', '2025-11-25 12:36:34.962094', 'consumable', 'High quality, wide range of sizes. Manufactured and distributed locally, always available. Custom options available on request.', 'https://pdmedical.com.au/tube-connectors-adaptors-spigots/'),
	('230a690d-0917-4a5d-a1ed-6d9338171a71', 'TC37PP-S', 'Tube Connector: X-Small 3-7mm OD x 2mm ID. STERILE', 'Tube Connectors', 'Tube Connectors (Sterile & Non-Sterile)', 'General', 1.86, NULL, 1, 1, 'AUD', 1, NULL, NULL, NULL, NULL, NULL, NULL, NULL, 'active', true, '2025-11-25 12:36:34.962094', '2025-11-25 12:36:34.962094', 'consumable', 'High quality, wide range of sizes. Manufactured and distributed locally, always available. Custom options available on request.', 'https://pdmedical.com.au/tube-connectors-adaptors-spigots/'),
	('94eb0d85-7eaa-4cc4-9a47-e4fa9e2dac52', 'TC37PP', 'Tube Connector: X-Small 3-7mm OD x 2mm ID. NON-STERILE', 'Tube Connectors', 'Tube Connectors (Sterile & Non-Sterile)', 'General', 1.35, NULL, 1, 1, 'AUD', 1, NULL, NULL, NULL, NULL, NULL, NULL, NULL, 'active', true, '2025-11-25 12:36:34.962094', '2025-11-25 12:36:34.962094', 'consumable', 'High quality, wide range of sizes. Manufactured and distributed locally, always available. Custom options available on request.', 'https://pdmedical.com.au/tube-connectors-adaptors-spigots/'),
	('6a2bf704-363b-4ae1-ab70-625786b591ff', 'DM476', 'Oxygen Button Sub-Assembly', 'Devices and Components', 'Sub-Assemblies', 'General', 1350.00, NULL, NULL, 1, 'AUD', NULL, NULL, NULL, NULL, NULL, NULL, NULL, NULL, 'active', true, '2025-11-25 12:36:34.962094', '2025-11-25 12:36:34.962094', 'spare_part', 'Spare part/component for Midogas and medical gas systems. High quality, reliable performance.', NULL),
	('fc0b2b93-23af-4809-ab14-db2458a21641', 'DM534', 'Warning Device Sub-Assembly', 'Devices and Components', 'Sub-Assemblies', 'General', 1680.00, NULL, NULL, 1, 'AUD', NULL, NULL, NULL, NULL, NULL, NULL, NULL, NULL, 'active', true, '2025-11-25 12:36:34.962094', '2025-11-25 12:36:34.962094', 'spare_part', 'Spare part/component for Midogas and medical gas systems. High quality, reliable performance.', NULL),
	('4a19b84b-078b-49c9-aa40-d0af65a8784d', '512444', 'N2O Tube Nylon 5/16"', 'Devices and Components', 'Components', 'General', 16.50, NULL, NULL, 1, 'AUD', NULL, NULL, NULL, NULL, NULL, NULL, NULL, NULL, 'active', true, '2025-11-25 12:36:34.962094', '2025-11-25 12:36:34.962094', 'spare_part', 'Spare part/component for Midogas and medical gas systems. High quality, reliable performance.', NULL),
	('70d1cc6d-8bb9-4745-a4d4-1e7fcedf63cc', '512445', 'O2 Tube Nylon 1/4"', 'Devices and Components', 'Components', 'General', 16.50, NULL, NULL, 1, 'AUD', NULL, NULL, NULL, NULL, NULL, NULL, NULL, NULL, 'active', true, '2025-11-25 12:36:34.962094', '2025-11-25 12:36:34.962094', 'spare_part', 'Spare part/component for Midogas and medical gas systems. High quality, reliable performance.', NULL),
	('7fa05e69-1db0-4faf-9236-7ba237297ef9', '512446', 'O2 Tube Nylon 1/4" plus Connectors', 'Devices and Components', 'Components', 'General', 125.50, NULL, NULL, 1, 'AUD', NULL, NULL, NULL, NULL, NULL, NULL, NULL, NULL, 'active', true, '2025-11-25 12:36:34.962094', '2025-11-25 12:36:34.962094', 'spare_part', 'Spare part/component for Midogas and medical gas systems. High quality, reliable performance.', NULL),
	('07b57324-5fba-4ccf-bc9d-f2dd34a334a0', '512447P', 'O2 Nylon Warning Device Tube plus Connectors', 'Devices and Components', 'Components', 'General', 125.50, NULL, NULL, 1, 'AUD', NULL, NULL, NULL, NULL, NULL, NULL, NULL, NULL, 'active', true, '2025-11-25 12:36:34.962094', '2025-11-25 12:36:34.962094', 'spare_part', 'Spare part/component for Midogas and medical gas systems. High quality, reliable performance.', NULL),
	('16e7f6e8-1321-476c-a161-a1e5da31712c', '512449P', 'O2 Button Nylon Tube plus Connectors', 'Devices and Components', 'Components', 'General', 125.50, NULL, NULL, 1, 'AUD', NULL, NULL, NULL, NULL, NULL, NULL, NULL, NULL, 'active', true, '2025-11-25 12:36:34.962094', '2025-11-25 12:36:34.962094', 'spare_part', 'Spare part/component for Midogas and medical gas systems. High quality, reliable performance.', NULL),
	('379edfde-9894-4f58-886c-65739467fdb0', '512434', 'Regulator Inlet Elbow O2 (1/8" - 1/4")', 'Devices and Components', 'Components', 'General', 62.40, NULL, NULL, 1, 'AUD', NULL, NULL, NULL, NULL, NULL, NULL, NULL, NULL, 'active', true, '2025-11-25 12:36:34.962094', '2025-11-25 12:36:34.962094', 'spare_part', 'Spare part/component for Midogas and medical gas systems. High quality, reliable performance.', NULL),
	('b5dd4e20-2f14-4628-acaa-88a98f254820', '512460', 'Regulator Inlet Elbow N2O (1/8" - 5/16")', 'Devices and Components', 'Components', 'General', 62.40, NULL, NULL, 1, 'AUD', NULL, NULL, NULL, NULL, NULL, NULL, NULL, NULL, 'active', true, '2025-11-25 12:36:34.962094', '2025-11-25 12:36:34.962094', 'spare_part', 'Spare part/component for Midogas and medical gas systems. High quality, reliable performance.', NULL),
	('cd1fa7d9-4a10-45ea-9651-e52aff831916', '512443', 'Master Valve Elbow O2 (1/4" - 1/4")', 'Devices and Components', 'Components', 'General', 62.40, NULL, NULL, 1, 'AUD', NULL, NULL, NULL, NULL, NULL, NULL, NULL, NULL, 'active', true, '2025-11-25 12:36:34.962094', '2025-11-25 12:36:34.962094', 'spare_part', 'Spare part/component for Midogas and medical gas systems. High quality, reliable performance.', NULL),
	('48143aa2-f108-4ce4-a226-be734403d867', 'ZP1156', 'SLEEVE OXY OUTLET', 'Devices and Components', 'Components', 'General', 85.00, NULL, NULL, 1, 'AUD', NULL, NULL, NULL, NULL, NULL, NULL, NULL, NULL, 'active', true, '2025-11-25 12:36:34.962094', '2025-11-25 12:36:34.962094', 'spare_part', 'Spare part/component for Midogas and medical gas systems. High quality, reliable performance.', NULL),
	('e510c558-cd8e-46d5-aec1-30cb39c29fbd', 'DAVM633', 'Linkettes', 'Miscellaneous Products', 'Miscellaneous', 'General', 6.35, 6.12, 400, 400, 'AUD', NULL, NULL, NULL, NULL, NULL, NULL, NULL, NULL, 'active', true, '2025-11-25 12:36:34.962094', '2025-11-25 12:36:34.962094', 'main_unit', 'Medical connectors and linkettes for various applications.', NULL),
	('d67a7372-6833-4903-b9e1-bb39f1414347', 'DM547', 'Master Valve Assembly for Midogas', 'Devices and Components', 'Sub-Assemblies', 'General', 1753.00, NULL, NULL, 1, 'AUD', NULL, NULL, NULL, NULL, NULL, NULL, NULL, NULL, 'active', true, '2025-11-25 12:36:34.962094', '2025-11-25 12:36:34.962094', 'spare_part', 'Spare part/component for Midogas and medical gas systems. High quality, reliable performance.', NULL),
	('899b1536-0f2f-4884-8614-45424bc64b7a', 'MGHA-Suctn', 'MGHA-Suction', 'MIDOGAS Products', 'Medical Gas Hose Assemblies', 'Birthing/Biomed', 142.00, NULL, NULL, 1, 'AUD', NULL, NULL, NULL, NULL, NULL, NULL, NULL, NULL, 'active', true, '2025-11-25 12:36:34.962094', '2025-11-25 12:36:34.962094', 'accessory', 'Medical gas hose assemblies for hospital gas delivery systems. High quality construction, reliable connections.', NULL),
	('554dbaf4-b265-44f8-b22d-65b352e5202a', 'MGHA-OXY', 'MGHA-Medical Oxygen', 'MIDOGAS Products', 'Medical Gas Hose Assemblies', 'Birthing/Biomed', 142.00, NULL, NULL, 1, 'AUD', NULL, NULL, NULL, NULL, NULL, NULL, NULL, NULL, 'active', true, '2025-11-25 12:36:34.962094', '2025-11-25 12:36:34.962094', 'accessory', 'Medical gas hose assemblies for hospital gas delivery systems. High quality construction, reliable connections.', NULL),
	('f6a4cdf0-9da7-45f0-83b6-05df619e7b39', 'MGHA-N2O', 'MGHA-Nitrous Oxide', 'MIDOGAS Products', 'Medical Gas Hose Assemblies', 'Birthing/Biomed', 142.00, NULL, NULL, 1, 'AUD', NULL, NULL, NULL, NULL, NULL, NULL, NULL, NULL, 'active', true, '2025-11-25 12:36:34.962094', '2025-11-25 12:36:34.962094', 'accessory', 'Medical gas hose assemblies for hospital gas delivery systems. High quality construction, reliable connections.', NULL),
	('184a4590-f553-4f87-b24d-2717b3c10c36', 'MGHA-Scav', 'MGHA-Scavenge', 'MIDOGAS Products', 'Medical Gas Hose Assemblies', 'Birthing/Biomed', 142.00, NULL, NULL, 1, 'AUD', NULL, NULL, NULL, NULL, NULL, NULL, NULL, NULL, 'active', true, '2025-11-25 12:36:34.962094', '2025-11-25 12:36:34.962094', 'accessory', 'Medical gas hose assemblies for hospital gas delivery systems. High quality construction, reliable connections.', NULL),
	('cfeee004-263a-40ab-be6a-d56af91ca9f0', 'MGHA-MedAir', 'MGHA-Medical Air', 'MIDOGAS Products', 'Medical Gas Hose Assemblies', 'Birthing/Biomed', 142.00, NULL, NULL, 1, 'AUD', NULL, NULL, NULL, NULL, NULL, NULL, NULL, NULL, 'active', true, '2025-11-25 12:36:34.962094', '2025-11-25 12:36:34.962094', 'accessory', 'Medical gas hose assemblies for hospital gas delivery systems. High quality construction, reliable connections.', NULL),
	('dcd65010-afe3-40f4-9c2e-79c9cc63d49b', 'MGHA-Ent', 'MGHA-Entonox', 'MIDOGAS Products', 'Medical Gas Hose Assemblies', 'Birthing/Biomed', 142.00, NULL, NULL, 1, 'AUD', NULL, NULL, NULL, NULL, NULL, NULL, NULL, NULL, 'active', true, '2025-11-25 12:36:34.962094', '2025-11-25 12:36:34.962094', 'accessory', 'Medical gas hose assemblies for hospital gas delivery systems. High quality construction, reliable connections.', NULL),
	('aa304b4e-4819-4a13-b69c-dc0f3dbdc666', 'MGHA-SurgToolAir', 'MGHA-Surgical Tool Air', 'MIDOGAS Products', 'Medical Gas Hose Assemblies', 'Birthing/Biomed', 142.00, NULL, NULL, 1, 'AUD', NULL, NULL, NULL, NULL, NULL, NULL, NULL, NULL, 'active', true, '2025-11-25 12:36:34.962094', '2025-11-25 12:36:34.962094', 'accessory', 'Medical gas hose assemblies for hospital gas delivery systems. High quality construction, reliable connections.', NULL),
	('4a0469e0-27dd-4e29-b69a-b2e3d746006f', '512258', 'Norgren Regulators (not included in service kit)', 'MIDOGAS Products', 'MIDOGAS Spare Parts', 'Birthing/Biomed', 217.00, NULL, NULL, 1, 'AUD', NULL, NULL, NULL, NULL, NULL, NULL, NULL, NULL, 'active', true, '2025-11-25 12:36:34.962094', '2025-11-25 12:36:34.962094', 'spare_part', 'Spare part/component for Midogas and medical gas systems. High quality, reliable performance.', NULL),
	('be6ae05e-54f7-4581-918f-3de2d615a272', '512448P', 'N2O Nylon Warning Device Tube plus Connectors', 'Devices and Components', 'Components', 'General', 125.50, NULL, NULL, 1, 'AUD', NULL, NULL, NULL, NULL, NULL, NULL, NULL, NULL, 'active', true, '2025-11-25 12:36:34.962094', '2025-11-25 12:36:34.962094', 'spare_part', 'Spare part/component for Midogas and medical gas systems. High quality, reliable performance.', NULL),
	('f1c4555e-74b6-4052-a074-b5f5f5812127', '512456', 'Master Valve Elbow N2O (1/4" - 5/16")', 'Devices and Components', 'Components', 'General', 62.40, NULL, NULL, 1, 'AUD', NULL, NULL, NULL, NULL, NULL, NULL, NULL, NULL, 'active', true, '2025-11-25 12:36:34.962094', '2025-11-25 12:36:34.962094', 'spare_part', 'Spare part/component for Midogas and medical gas systems. High quality, reliable performance.', NULL),
	('b5061578-ba8c-4464-ac1c-83ee104e7498', 'ZP1157', 'SLEEVE N2O OUTLET', 'Devices and Components', 'Components', 'General', 85.00, NULL, 1, 1, 'AUD', NULL, NULL, NULL, NULL, NULL, NULL, NULL, NULL, 'active', true, '2025-11-25 12:36:34.962094', '2025-11-25 12:36:34.962094', 'spare_part', 'Spare part/component for Midogas and medical gas systems. High quality, reliable performance.', NULL),
	('ffa6d2d5-18a4-41be-8194-2bd5a301051b', 'DM489', 'Midogas Console', 'MIDOGAS Products', 'MIDOGAS Spare Parts', 'Birthing/Biomed', 850.00, NULL, NULL, 1, 'AUD', NULL, NULL, NULL, NULL, NULL, NULL, NULL, NULL, 'active', true, '2025-11-25 12:36:34.962094', '2025-11-25 12:36:34.962094', 'spare_part', 'Spare part/component for Midogas and medical gas systems. High quality, reliable performance.', NULL),
	('4655db00-55bc-4d82-9716-17f4a82b6153', 'DM492', 'Midogas Percentage Scale', 'MIDOGAS Products', 'MIDOGAS Spare Parts', 'Birthing/Biomed', 165.00, NULL, NULL, 1, 'AUD', NULL, NULL, NULL, NULL, NULL, NULL, NULL, NULL, 'active', true, '2025-11-25 12:36:34.962094', '2025-11-25 12:36:34.962094', 'spare_part', 'Spare part/component for Midogas and medical gas systems. High quality, reliable performance.', NULL),
	('6f35b8ed-8f2c-4567-a907-1614ea83e57d', 'PPE-B', 'PPE Basket', 'PPE Products', 'PPE Accessories and Consumables', 'Infection Control', 48.50, NULL, 5, NULL, 'AUD', NULL, NULL, NULL, NULL, NULL, NULL, NULL, NULL, 'active', true, '2025-11-25 12:36:34.962094', '2025-11-25 12:36:34.962094', 'consumable', 'PPE accessory for infection control. High quality, practical design.', NULL),
	('8ab92d72-bea8-4651-9e65-d4bf1360c779', 'PPE-C2', 'PPE Caddy-C2 (clipboard + basket)', 'PPE Products', 'PPE Caddy', 'Infection Control', 210.00, NULL, 3, 3, 'AUD', NULL, NULL, NULL, NULL, NULL, NULL, NULL, NULL, 'active', true, '2025-11-25 12:36:34.962094', '2025-11-25 12:36:34.962094', 'main_unit', 'Holds all PPE for normal, airborne, contact and droplet precautions. Simple, clean, intuitive, instructive. Minimizes pathogen transmission. Provides consistent, clean, professional layout. Developed with IC nurses in Australian hospitals.', 'https://pdmedical.com.au/ppe-caddy-wall-and-mobile/'),
	('397b2b04-202c-4cc5-81ea-33e370ca2793', 'CC-CONT-1.3L', 'Cytotoxic Container 1.3L (Purple)', 'Safe Sharps Handling', 'Sharps Container', 'Infection Control', 4.85, NULL, 30, 30, 'AUD', NULL, NULL, NULL, NULL, NULL, NULL, NULL, NULL, 'active', true, '2025-11-25 12:36:34.962094', '2025-11-25 12:36:34.962094', 'consumable', '1.4L container for cytotoxic waste disposal', 'https://pdmedical.com.au/sharps-caddy/'),
	('fb1e7362-c334-46ba-ab07-ea5f01215b23', 'MA141M-9', 'Gas Scavenge Unit 915mm for Midogas', 'Devices and Components', 'Scavenge Unit', 'General', 1785.00, NULL, 1, 1, 'AUD', 3, NULL, NULL, NULL, NULL, NULL, NULL, NULL, 'active', true, '2025-11-25 12:36:34.962094', '2025-11-25 12:36:34.962094', 'accessory', 'Clears the room of nitrous oxide. Extracts expired analgesic gases and protects nurses from overexposure. Can be wall-fitted or incorporated in MIDOGAS mobile stand.', 'https://pdmedical.com.au/scavenge-unit/'),
	('6be95082-3d29-440d-a281-fcbe710293bb', 'MA143-ST', 'Breathing Circuit - Scavenge Tube', 'Devices and Components', 'Breathing Circuits', 'General', 6.68, NULL, 1, 1, 'AUD', NULL, NULL, NULL, NULL, NULL, NULL, NULL, NULL, 'active', true, '2025-11-25 12:36:34.962094', '2025-11-25 12:36:34.962094', 'consumable', 'Manufactured from high quality plastic. Suits a variety of uses. Can be purchased off-the-shelf or customized. High quality, always available. Easy grip, comfortable.', 'https://pdmedical.com.au/breathing-circuits/'),
	('b4e6f9df-9027-4246-8870-fdc373296854', 'MA143-PBCS', 'Breathing Circuit Pediatric with Scavenge', 'Devices and Components', 'Breathing Circuits', 'General', 9.85, NULL, 1, 1, 'AUD', NULL, NULL, NULL, NULL, NULL, NULL, NULL, NULL, 'active', true, '2025-11-25 12:36:34.962094', '2025-11-25 12:36:34.962094', 'consumable', 'Manufactured from high quality plastic. Suits a variety of uses. Can be purchased off-the-shelf or customized. High quality, always available. Easy grip, comfortable.', 'https://pdmedical.com.au/breathing-circuits/'),
	('f71031bf-d8ca-4fee-b967-49729161451a', 'WARRANTY', 'Midogas Extra 12 Month Warranty', 'MIDOGAS Products', 'MIDOGAS UNIT', 'Birthing/Biomed', 1278.00, NULL, 1, 1, 'AUD', NULL, NULL, NULL, NULL, NULL, NULL, NULL, NULL, 'active', true, '2025-11-25 12:36:34.962094', '2025-11-25 12:36:34.962094', 'main_unit', 'Extended 12-month warranty coverage for Midogas Analgesic Unit. Additional peace of mind and support.', 'https://pdmedical.com.au/midogas/'),
	('349bfa2d-de5d-4063-a55f-3fb99897b886', 'DM524', 'Wall Bracket', 'MIDOGAS Products', 'MIDOGAS UNIT', 'Birthing/Biomed', 285.00, NULL, 1, 1, 'AUD', NULL, NULL, NULL, NULL, NULL, NULL, NULL, NULL, 'active', true, '2025-11-25 12:36:34.962094', '2025-11-25 12:36:34.962094', 'main_unit', 'Wall mounting bracket for Midogas Analgesic Unit. Secure and stable wall installation.', 'https://pdmedical.com.au/midogas/'),
	('0a9a3322-2c9e-4637-8d3e-931fdb27eeed', 'MA143-BCS', 'Breathing Circuit with Scavenge Tube and Mouthpiece', 'Devices and Components', 'Breathing Circuits', 'General', 8.85, 9.43, 1, 1, 'AUD', 2, NULL, NULL, NULL, NULL, NULL, NULL, NULL, 'active', true, '2025-11-25 12:36:34.962094', '2025-11-25 12:36:34.962094', 'consumable', 'Manufactured from high quality plastic. Suits a variety of uses. Can be purchased off-the-shelf or customized. High quality, always available. Easy grip, comfortable.', 'https://pdmedical.com.au/breathing-circuits/'),
	('a2d2ed62-17df-47f8-a7fa-d0f175e65a7d', 'MA143-BC', 'Breathing Circuit - Single Hose', 'Devices and Components', 'Breathing Circuits', 'General', 7.26, NULL, 1, 1, 'AUD', NULL, NULL, NULL, NULL, NULL, NULL, NULL, NULL, 'active', true, '2025-11-25 12:36:34.962094', '2025-11-25 12:36:34.962094', 'consumable', 'Manufactured from high quality plastic. Suits a variety of uses. Can be purchased off-the-shelf or customized. High quality, always available. Easy grip, comfortable.', 'https://pdmedical.com.au/breathing-circuits/'),
	('d89ddcac-b741-48a5-9fce-c1fe36413f54', 'MA143-ESC', 'Breathing Circuit - Entonox', 'Devices and Components', 'Breathing Circuits', 'General', 6.84, 7.65, 1, 1, 'AUD', NULL, NULL, NULL, NULL, NULL, NULL, NULL, NULL, 'active', true, '2025-11-25 12:36:34.962094', '2025-11-25 12:36:34.962094', 'consumable', 'Manufactured from high quality plastic. Suits a variety of uses. Can be purchased off-the-shelf or customized. High quality, always available. Easy grip, comfortable.', 'https://pdmedical.com.au/breathing-circuits/'),
	('8150c2b3-1575-4117-b662-b075fe91f3d6', 'GAP-16SP', 'Gas Alarm System (16 Sensor Ports)', 'Gas Alarm Systems', 'Gas Alarm Systems', 'General', 1385.00, NULL, 1, 1, 'AUD', NULL, NULL, NULL, NULL, NULL, NULL, NULL, NULL, 'active', true, '2025-11-25 12:36:34.962094', '2025-11-25 12:36:34.962094', 'main_unit', 'Medical gas alarm system with 4.3" TFT colour graphic display. Engineered for easy installation with web page configuration. Designed to meet AS2896 requirements for monitoring medical gas supplies in Australian hospitals.', 'https://pdmedical.com.au/gas-alarm-panel/'),
	('ddbd3f54-db27-426f-bb65-f46119b7c92d', 'GAP', 'Gas Alarm System (Mobile Messaging)', 'Gas Alarm Systems', 'Gas Alarm Systems', 'General', 1650.00, NULL, 1, 1, 'AUD', NULL, NULL, NULL, NULL, NULL, NULL, NULL, NULL, 'active', true, '2025-11-25 12:36:34.962094', '2025-11-25 12:36:34.962094', 'main_unit', 'Medical gas alarm system with 4.3" TFT colour graphic display. Engineered for easy installation with web page configuration. Designed to meet AS2896 requirements for monitoring medical gas supplies in Australian hospitals.', 'https://pdmedical.com.au/gas-alarm-panel/'),
	('e588ebd4-b1b9-4e60-89c5-f1f5f8304e3c', 'MA139-LN', 'Midogas Loan Unit', 'MIDOGAS Products', 'Midogas Servicing', 'Birthing/Biomed', NULL, NULL, NULL, NULL, 'AUD', NULL, NULL, NULL, NULL, NULL, NULL, NULL, NULL, 'active', true, '2025-11-25 12:36:34.962094', '2025-11-25 12:36:34.962094', 'service', 'Service and repair of Midogas units. Quick service and ongoing support.', 'https://pdmedical.com.au/midogas-service-and-repairs/'),
	('8fcb87af-d9b0-4b6f-8c79-7c68d324e6d7', 'TC710PP-S', 'Tube Connector: Medium 7-10mm OD x 6mm ID. STERILE', 'Tube Connectors', 'Tube Connectors (Sterile & Non-Sterile)', 'General', 1.86, 2.06, 200, 200, 'AUD', NULL, NULL, NULL, NULL, NULL, NULL, NULL, NULL, 'active', true, '2025-11-25 12:36:34.962094', '2025-11-25 12:36:34.962094', 'consumable', 'High quality, wide range of sizes. Manufactured and distributed locally, always available. Custom options available on request.', 'https://pdmedical.com.au/tube-connectors-adaptors-spigots/'),
	('16041fa6-c09e-4aaf-bf08-bd71ffb76029', 'TC47PP', 'Tube Connector: Small 4-7mm OD x 3mm ID. NON-STERILE', 'Tube Connectors', 'Tube Connectors (Sterile & Non-Sterile)', 'General', 1.35, NULL, 100, 200, 'AUD', NULL, NULL, NULL, NULL, NULL, NULL, NULL, NULL, 'active', true, '2025-11-25 12:36:34.962094', '2025-11-25 12:36:34.962094', 'consumable', 'High quality, wide range of sizes. Manufactured and distributed locally, always available. Custom options available on request.', 'https://pdmedical.com.au/tube-connectors-adaptors-spigots/'),
	('0fb6369c-8177-484b-96e8-9a6c860a5826', 'TC710PP', 'Tube Connector: Medium 7-10mm OD x 6mm ID. NON-STERILE', 'Tube Connectors', 'Tube Connectors (Sterile & Non-Sterile)', 'General', 1.35, NULL, 200, 200, 'AUD', NULL, NULL, NULL, NULL, NULL, NULL, NULL, NULL, 'active', true, '2025-11-25 12:36:34.962094', '2025-11-25 12:36:34.962094', 'consumable', 'High quality, wide range of sizes. Manufactured and distributed locally, always available. Custom options available on request.', 'https://pdmedical.com.au/tube-connectors-adaptors-spigots/'),
	('b7baccee-33ab-4ed3-88a1-e0895b4f4ee5', 'TA410PP-S', 'Tube Adaptor: Small/Large 4-7mm/10-14mm OD x 3mm ID. STERILE', 'Tube Connectors', 'Tube Adaptors', 'General', 1.86, 2.06, 200, 200, 'AUD', NULL, NULL, NULL, NULL, NULL, NULL, NULL, NULL, 'active', true, '2025-11-25 12:36:34.962094', '2025-11-25 12:36:34.962094', 'consumable', 'High quality, wide range of sizes. Manufactured and distributed locally, always available. Custom options available on request.', 'https://pdmedical.com.au/tube-connectors-adaptors-spigots/'),
	('f88ac0a6-c2d8-4649-8be9-0eab6bf5ca69', 'TA710PP-S', 'Tube Adaptor: Medium/Large 7-10mm/10-14mm OD x 6mm ID. STERILE', 'Tube Connectors', 'Tube Adaptors', 'General', 1.86, 2.06, 200, 200, 'AUD', NULL, NULL, NULL, NULL, NULL, NULL, NULL, NULL, 'active', true, '2025-11-25 12:36:34.962094', '2025-11-25 12:36:34.962094', 'consumable', 'High quality, wide range of sizes. Manufactured and distributed locally, always available. Custom options available on request.', 'https://pdmedical.com.au/tube-connectors-adaptors-spigots/'),
	('e8f24ece-9f0e-4354-b6c6-bfae8ed04c48', 'YC58PP-S', 'Y-Tube Connector: Small 5-8mm OD x 4mm ID. STERILE', 'Tube Connectors', 'Y-Tube Connectors', 'General', 2.75, 2.86, 100, 100, 'AUD', NULL, NULL, NULL, NULL, NULL, NULL, NULL, NULL, 'active', true, '2025-11-25 12:36:34.962094', '2025-11-25 12:36:34.962094', 'consumable', 'High quality, wide range of sizes. Manufactured and distributed locally, always available. Custom options available on request.', 'https://pdmedical.com.au/tube-connectors-adaptors-spigots/'),
	('61486f88-05a2-4b4b-8f70-5192196846b1', 'YC1214PP-S', 'Y-Tube Connector: Large 12-14mm OD x 10mm ID. STERILE', 'Tube Connectors', 'Y-Tube Connectors', 'General', 2.75, 2.86, 100, 100, 'AUD', NULL, NULL, NULL, NULL, NULL, NULL, NULL, NULL, 'active', true, '2025-11-25 12:36:34.962094', '2025-11-25 12:36:34.962094', 'consumable', 'High quality, wide range of sizes. Manufactured and distributed locally, always available. Custom options available on request.', 'https://pdmedical.com.au/tube-connectors-adaptors-spigots/'),
	('44b96868-677c-4bc9-b65a-bfae20ad8613', 'SP13PP-S', 'Spigot 13mm: 0-13mm OD x 52mm long. STERILE', 'Tube Connectors', 'Spigots', 'General', 1.86, 2.06, 200, 200, 'AUD', NULL, NULL, NULL, NULL, NULL, NULL, NULL, NULL, 'active', true, '2025-11-25 12:36:34.962094', '2025-11-25 12:36:34.962094', 'consumable', 'High quality, wide range of sizes. Manufactured and distributed locally, always available. Custom options available on request.', 'https://pdmedical.com.au/tube-connectors-adaptors-spigots/');


--

-- Data for Name: product_documents; Type: TABLE DATA; Schema: public; Owner: postgres
--

INSERT INTO "public"."product_documents" ("id", "product_id", "document_type", "storage_path", "file_name", "file_size_bytes", "mime_type", "description", "is_primary", "created_at", "updated_at") VALUES
	('0b6027c5-3d89-4522-944b-ff79b2b0efaa', '5f727d29-9242-41ac-8317-972bf566593e', 'brochure', 'PDM - Product Brochures & Info/Bariatric Commode Pan/Brochure/Bariatric Commode Pan_Brochure _BV1R.pdf', 'Bariatric Commode Pan_Brochure _BV1R.pdf', NULL, 'application/pdf', NULL, true, '2025-12-02 15:02:36.885388+00', '2025-12-02 15:02:36.885388+00'),
	('bda7fa86-9b36-464d-8d80-cdb7ce96bcc5', '39e819fd-5db9-4781-887b-a6ce46816a52', 'brochure', 'PDM - Product Brochures & Info/Bariatric Commode Pan/Brochure/Bariatric Commode Pan_Brochure _BV1R.pdf', 'Bariatric Commode Pan_Brochure _BV1R.pdf', NULL, 'application/pdf', NULL, true, '2025-12-02 15:02:36.885388+00', '2025-12-02 15:02:36.885388+00'),
	('baf8fbaa-3c46-4398-9f29-47b97f89898f', '6be95082-3d29-440d-a281-fcbe710293bb', 'brochure', 'PDM - Product Brochures & Info/Breathing Circuits/Brochure/PDMedical_Breathing Circuits_NW24.pdf', 'PDMedical_Breathing Circuits_NW24.pdf', NULL, 'application/pdf', NULL, true, '2025-12-02 15:02:36.885388+00', '2025-12-02 15:02:36.885388+00'),
	('776f8854-f852-436d-8118-dace6c3754df', 'b4e6f9df-9027-4246-8870-fdc373296854', 'brochure', 'PDM - Product Brochures & Info/Breathing Circuits/Brochure/PDMedical_Breathing Circuits_NW24.pdf', 'PDMedical_Breathing Circuits_NW24.pdf', NULL, 'application/pdf', NULL, true, '2025-12-02 15:02:36.885388+00', '2025-12-02 15:02:36.885388+00'),
	('fb5657b8-e9f1-4709-a2e3-c8fbd337d442', '0a9a3322-2c9e-4637-8d3e-931fdb27eeed', 'brochure', 'PDM - Product Brochures & Info/Breathing Circuits/Brochure/PDMedical_Breathing Circuits_NW24.pdf', 'PDMedical_Breathing Circuits_NW24.pdf', NULL, 'application/pdf', NULL, true, '2025-12-02 15:02:36.885388+00', '2025-12-02 15:02:36.885388+00'),
	('a37cdca5-1a33-47af-9f8c-7d73c2e337bb', 'a2d2ed62-17df-47f8-a7fa-d0f175e65a7d', 'brochure', 'PDM - Product Brochures & Info/Breathing Circuits/Brochure/PDMedical_Breathing Circuits_NW24.pdf', 'PDMedical_Breathing Circuits_NW24.pdf', NULL, 'application/pdf', NULL, true, '2025-12-02 15:02:36.885388+00', '2025-12-02 15:02:36.885388+00'),
	('a4354237-5535-40b5-9949-2e10262df7ab', 'd89ddcac-b741-48a5-9fce-c1fe36413f54', 'brochure', 'PDM - Product Brochures & Info/Breathing Circuits/Brochure/PDMedical_Breathing Circuits_NW24.pdf', 'PDMedical_Breathing Circuits_NW24.pdf', NULL, 'application/pdf', NULL, true, '2025-12-02 15:02:36.885388+00', '2025-12-02 15:02:36.885388+00'),
	('c0725e8e-1595-4ac7-ab12-5be3a9b1ec0a', '7770582e-3eff-4e34-83ea-91a3a366be28', 'brochure', 'PDM - Product Brochures & Info/Face Shield/Brochure/PDMedical_Eyes&Face Shield Brochure_V4.pdf', 'PDMedical_Eyes&Face Shield Brochure_V4.pdf', NULL, 'application/pdf', NULL, true, '2025-12-02 15:02:36.885388+00', '2025-12-02 15:02:36.885388+00'),
	('0105a596-33f7-46a7-bb97-554d2a83fd87', '6bf0fcdc-1b7d-4e27-bdd2-a40b6c2ac3ed', 'brochure', 'PDM - Product Brochures & Info/Face Shield/Brochure/PDMedical_Eyes&Face Shield Brochure_V4.pdf', 'PDMedical_Eyes&Face Shield Brochure_V4.pdf', NULL, 'application/pdf', NULL, true, '2025-12-02 15:02:36.885388+00', '2025-12-02 15:02:36.885388+00'),
	('fa16e0ac-99c2-4209-94a8-f29887c6f59d', 'f251865c-d9c4-4946-abaf-6f7053c34697', 'brochure', 'PDM - Product Brochures & Info/Face Shield/Brochure/PDMedical_Eyes&Face Shield Brochure_V4.pdf', 'PDMedical_Eyes&Face Shield Brochure_V4.pdf', NULL, 'application/pdf', NULL, true, '2025-12-02 15:02:36.885388+00', '2025-12-02 15:02:36.885388+00'),
	('af4db22b-a806-4ada-948e-85e084526d9f', 'c78a6b04-0ac9-4d96-9bbf-90b4687cbb17', 'brochure', 'PDM - Product Brochures & Info/Face Shield/Brochure/PDMedical_Eyes&Face Shield Brochure_V4.pdf', 'PDMedical_Eyes&Face Shield Brochure_V4.pdf', NULL, 'application/pdf', NULL, true, '2025-12-02 15:02:36.885388+00', '2025-12-02 15:02:36.885388+00'),
	('d0eba0e5-90cd-47f6-960b-6cc452393011', 'a67d6f51-15ab-448b-a95d-b2da85e2a909', 'brochure', 'PDM - Product Brochures & Info/Face Shield/Brochure/PDMedical_Eyes&Face Shield Brochure_V4.pdf', 'PDMedical_Eyes&Face Shield Brochure_V4.pdf', NULL, 'application/pdf', NULL, true, '2025-12-02 15:02:36.885388+00', '2025-12-02 15:02:36.885388+00'),
	('309e6dc9-9e02-424a-aef0-e8daaafd2da2', 'fb1e7362-c334-46ba-ab07-ea5f01215b23', 'brochure', 'PDM - Product Brochures & Info/Gas Scavenge Unit/Brochure/Gas Scavenge Unit for MIDOGAS.pdf', 'Gas Scavenge Unit for MIDOGAS.pdf', NULL, 'application/pdf', NULL, true, '2025-12-02 15:02:36.885388+00', '2025-12-02 15:02:36.885388+00'),
	('96246d17-03e8-4f25-9af1-359814a57645', '184a4590-f553-4f87-b24d-2717b3c10c36', 'brochure', 'PDM - Product Brochures & Info/Medical Gas Hose Assemblies/Brochure/Medical Gas Hose Assemblies_BV1R.pdf', 'Medical Gas Hose Assemblies_BV1R.pdf', NULL, 'application/pdf', NULL, true, '2025-12-02 15:02:36.885388+00', '2025-12-02 15:02:36.885388+00'),
	('7b1cc670-4336-462a-9088-b74036a5ba76', '899b1536-0f2f-4884-8614-45424bc64b7a', 'brochure', 'PDM - Product Brochures & Info/Medical Gas Hose Assemblies/Brochure/Medical Gas Hose Assemblies_BV1R.pdf', 'Medical Gas Hose Assemblies_BV1R.pdf', NULL, 'application/pdf', NULL, true, '2025-12-02 15:02:36.885388+00', '2025-12-02 15:02:36.885388+00'),
	('d4c7bcae-424e-4451-bf2a-b196744ca605', 'cfeee004-263a-40ab-be6a-d56af91ca9f0', 'brochure', 'PDM - Product Brochures & Info/Medical Gas Hose Assemblies/Brochure/Medical Gas Hose Assemblies_BV1R.pdf', 'Medical Gas Hose Assemblies_BV1R.pdf', NULL, 'application/pdf', NULL, true, '2025-12-02 15:02:36.885388+00', '2025-12-02 15:02:36.885388+00'),
	('2f005366-e623-434a-9799-a52e68367068', 'f6a4cdf0-9da7-45f0-83b6-05df619e7b39', 'brochure', 'PDM - Product Brochures & Info/Medical Gas Hose Assemblies/Brochure/Medical Gas Hose Assemblies_BV1R.pdf', 'Medical Gas Hose Assemblies_BV1R.pdf', NULL, 'application/pdf', NULL, true, '2025-12-02 15:02:36.885388+00', '2025-12-02 15:02:36.885388+00'),
	('71e57203-43b9-4d89-afd0-493924e76cc8', '554dbaf4-b265-44f8-b22d-65b352e5202a', 'brochure', 'PDM - Product Brochures & Info/Medical Gas Hose Assemblies/Brochure/Medical Gas Hose Assemblies_BV1R.pdf', 'Medical Gas Hose Assemblies_BV1R.pdf', NULL, 'application/pdf', NULL, true, '2025-12-02 15:02:36.885388+00', '2025-12-02 15:02:36.885388+00'),
	('c4eed25f-bf1e-4c85-a65c-403aaf186cbd', 'dcd65010-afe3-40f4-9c2e-79c9cc63d49b', 'brochure', 'PDM - Product Brochures & Info/Medical Gas Hose Assemblies/Brochure/Medical Gas Hose Assemblies_BV1R.pdf', 'Medical Gas Hose Assemblies_BV1R.pdf', NULL, 'application/pdf', NULL, true, '2025-12-02 15:02:36.885388+00', '2025-12-02 15:02:36.885388+00'),
	('5a60d63e-f363-4803-a17c-d6ab93c6a262', 'aa304b4e-4819-4a13-b69c-dc0f3dbdc666', 'brochure', 'PDM - Product Brochures & Info/Medical Gas Hose Assemblies/Brochure/Medical Gas Hose Assemblies_BV1R.pdf', 'Medical Gas Hose Assemblies_BV1R.pdf', NULL, 'application/pdf', NULL, true, '2025-12-02 15:02:36.885388+00', '2025-12-02 15:02:36.885388+00'),
	('88ec81de-edcc-47da-92c3-937155834359', '963a3f64-8adf-4f00-8a27-7626b2fda3ae', 'brochure', 'PDM - Product Brochures & Info/Midogas/Brochure/Midogas_BV3R.pdf', 'Midogas_BV3R.pdf', NULL, 'application/pdf', NULL, true, '2025-12-02 15:02:36.885388+00', '2025-12-02 15:02:36.885388+00'),
	('fc84df39-92bf-4561-9c2b-250f1f678b5a', '349bfa2d-de5d-4063-a55f-3fb99897b886', 'brochure', 'PDM - Product Brochures & Info/Midogas/Brochure/Midogas_BV3R.pdf', 'Midogas_BV3R.pdf', NULL, 'application/pdf', NULL, true, '2025-12-02 15:02:36.885388+00', '2025-12-02 15:02:36.885388+00'),
	('a28d37d7-69a0-4928-a8a3-510d6aa12eae', 'f71031bf-d8ca-4fee-b967-49729161451a', 'brochure', 'PDM - Product Brochures & Info/Midogas/Brochure/Midogas_BV3R.pdf', 'Midogas_BV3R.pdf', NULL, 'application/pdf', NULL, true, '2025-12-02 15:02:36.885388+00', '2025-12-02 15:02:36.885388+00'),
	('7283f37f-9237-421e-ad75-5bacb79c6532', 'aedbb06f-8441-4274-9eab-d4fc57b76bb9', 'brochure', 'PDM - Product Brochures & Info/Midogas/Brochure/Midogas_BV3R.pdf', 'Midogas_BV3R.pdf', NULL, 'application/pdf', NULL, true, '2025-12-02 15:02:36.885388+00', '2025-12-02 15:02:36.885388+00'),
	('cead75e9-2fcb-476f-b7c8-4966427b42ea', '7fe55b8b-7b09-4d30-b82c-d306934b67b6', 'brochure', 'PDM - Product Brochures & Info/Midogas/Brochure/Midogas_BV3R.pdf', 'Midogas_BV3R.pdf', NULL, 'application/pdf', NULL, true, '2025-12-02 15:02:36.885388+00', '2025-12-02 15:02:36.885388+00'),
	('d9e36fa3-1d05-4f37-bd22-6d9d87e3f8a5', 'df3183ca-7058-40bd-8313-fbafd47e589f', 'brochure', 'PDM - Product Brochures & Info/Midogas/Brochure/Midogas_BV3R.pdf', 'Midogas_BV3R.pdf', NULL, 'application/pdf', NULL, true, '2025-12-02 15:02:36.885388+00', '2025-12-02 15:02:36.885388+00'),
	('585556e6-5930-4db3-a347-99d8fa9b2bfc', '4da8cd52-0ed8-4b10-9972-5eb8feca0c60', 'brochure', 'PDM - Product Brochures & Info/Midogas/Brochure/Midogas_BV3R.pdf', 'Midogas_BV3R.pdf', NULL, 'application/pdf', NULL, true, '2025-12-02 15:02:36.885388+00', '2025-12-02 15:02:36.885388+00'),
	('a8948a18-942d-4845-b933-517d2cf184c7', '627d3eec-5d9d-4222-939f-5d7b70f5ee69', 'brochure', 'PDM - Product Brochures & Info/PPE Caddy/Brochure/PPE Caddy Brochure - PDMedical V1_lr.pdf', 'PPE Caddy Brochure - PDMedical V1_lr.pdf', NULL, 'application/pdf', NULL, true, '2025-12-02 15:02:36.885388+00', '2025-12-02 15:02:36.885388+00'),
	('32afa519-06dd-407d-a592-4e92afe59907', 'f708541e-c11f-4ea5-966a-3b943f0758f3', 'brochure', 'PDM - Product Brochures & Info/PPE Caddy/Brochure/PPE Caddy Brochure - PDMedical V1_lr.pdf', 'PPE Caddy Brochure - PDMedical V1_lr.pdf', NULL, 'application/pdf', NULL, true, '2025-12-02 15:02:36.885388+00', '2025-12-02 15:02:36.885388+00'),
	('396beec9-0880-4568-b169-5a86f6bdd2e5', '0f23cce7-d750-4e89-aa83-2dc412122cbf', 'brochure', 'PDM - Product Brochures & Info/PPE Caddy/Brochure/PPE Caddy Brochure - PDMedical V1_lr.pdf', 'PPE Caddy Brochure - PDMedical V1_lr.pdf', NULL, 'application/pdf', NULL, true, '2025-12-02 15:02:36.885388+00', '2025-12-02 15:02:36.885388+00'),
	('15fc71a3-d26a-4f75-8fb6-5350c26d9eb9', '0b85dc17-600b-48a2-bc1a-42a6e5c0d588', 'brochure', 'PDM - Product Brochures & Info/PPE Caddy/Brochure/PPE Caddy Brochure - PDMedical V1_lr.pdf', 'PPE Caddy Brochure - PDMedical V1_lr.pdf', NULL, 'application/pdf', NULL, true, '2025-12-02 15:02:36.885388+00', '2025-12-02 15:02:36.885388+00'),
	('f560f8cc-33f2-420b-9612-a2571770e31f', '8ab92d72-bea8-4651-9e65-d4bf1360c779', 'brochure', 'PDM - Product Brochures & Info/PPE Caddy/Brochure/PPE Caddy Brochure - PDMedical V1_lr.pdf', 'PPE Caddy Brochure - PDMedical V1_lr.pdf', NULL, 'application/pdf', NULL, true, '2025-12-02 15:02:36.885388+00', '2025-12-02 15:02:36.885388+00'),
	('2f49e46f-788d-4c1c-be2f-051168299534', '95598e9e-8f67-4b29-9dfb-5d87a3dee32e', 'brochure', 'PDM - Product Brochures & Info/PPE Caddy/Brochure/PPE Caddy Brochure - PDMedical V1_lr.pdf', 'PPE Caddy Brochure - PDMedical V1_lr.pdf', NULL, 'application/pdf', NULL, true, '2025-12-02 15:02:36.885388+00', '2025-12-02 15:02:36.885388+00'),
	('44017454-13da-4d92-934c-6b745a62149e', '163d1402-7f06-4bf3-9ded-e286fce31b98', 'brochure', 'PDM - Product Brochures & Info/Scalpel Blade Remover/Brochure/PDMedical_Scalpel Blade Remover Brochure_V4.pdf', 'PDMedical_Scalpel Blade Remover Brochure_V4.pdf', NULL, 'application/pdf', NULL, true, '2025-12-02 15:02:36.885388+00', '2025-12-02 15:02:36.885388+00'),
	('8abbb640-0ce3-48b4-b6bf-2691d3551c56', '10398155-938b-4801-978d-f1b4a227d2f2', 'brochure', 'PDM - Product Brochures & Info/Scalpel Blade Remover/Brochure/PDMedical_Scalpel Blade Remover Brochure_V4.pdf', 'PDMedical_Scalpel Blade Remover Brochure_V4.pdf', NULL, 'application/pdf', NULL, true, '2025-12-02 15:02:36.885388+00', '2025-12-02 15:02:36.885388+00'),
	('719cda1c-17aa-4a71-bfea-91b2d9039381', 'ddbd3f54-db27-426f-bb65-f46119b7c92d', 'brochure', 'PDM - Product Brochures & Info/Sensor Boards/Brochure/Gas Pressure Switch Sensor Boards_BV1.pdf', 'Gas Pressure Switch Sensor Boards_BV1.pdf', NULL, 'application/pdf', NULL, true, '2025-12-02 15:02:36.885388+00', '2025-12-02 15:02:36.885388+00'),
	('a38d12dd-3e47-4600-b910-965c14b07368', '8150c2b3-1575-4117-b662-b075fe91f3d6', 'brochure', 'PDM - Product Brochures & Info/Sensor Boards/Brochure/Gas Pressure Switch Sensor Boards_BV1.pdf', 'Gas Pressure Switch Sensor Boards_BV1.pdf', NULL, 'application/pdf', NULL, true, '2025-12-02 15:02:36.885388+00', '2025-12-02 15:02:36.885388+00'),
	('32fbe29d-33a7-4e48-afec-878b20418adb', '5c7103dd-438e-4226-8f35-48a5ffd2e8f7', 'brochure', 'PDM - Product Brochures & Info/Sensor Boards/Brochure/Gas Pressure Switch Sensor Boards_BV1.pdf', 'Gas Pressure Switch Sensor Boards_BV1.pdf', NULL, 'application/pdf', NULL, true, '2025-12-02 15:02:36.885388+00', '2025-12-02 15:02:36.885388+00'),
	('080a58db-223b-4ce8-a4fa-0111a9717227', 'adb5f5da-a5e5-460e-9a7a-173a29aa61c7', 'brochure', 'PDM - Product Brochures & Info/Sensor Boards/Brochure/Gas Pressure Switch Sensor Boards_BV1.pdf', 'Gas Pressure Switch Sensor Boards_BV1.pdf', NULL, 'application/pdf', NULL, true, '2025-12-02 15:02:36.885388+00', '2025-12-02 15:02:36.885388+00'),
	('d9e464a3-64a2-4a06-a601-47e4ef076947', '1285cbca-793c-480f-aa8d-ddfcf1449ecc', 'brochure', 'PDM - Product Brochures & Info/Sharps Caddy/Brochure/Sharps Caddy_Brochure 2025.pdf', 'Sharps Caddy_Brochure 2025.pdf', NULL, 'application/pdf', NULL, true, '2025-12-02 15:02:36.885388+00', '2025-12-02 15:02:36.885388+00'),
	('86decbab-13c9-4b0f-80b6-e35d4dcffac2', '08b5de99-fada-4a76-aa26-bfe5ffe6799f', 'brochure', 'PDM - Product Brochures & Info/Sharps Caddy/Brochure/Sharps Caddy_Brochure 2025.pdf', 'Sharps Caddy_Brochure 2025.pdf', NULL, 'application/pdf', NULL, true, '2025-12-02 15:02:36.885388+00', '2025-12-02 15:02:36.885388+00'),
	('cf03ad24-0b75-47d4-811e-ad067ef0bf61', 'df9b0052-9c3c-4465-8db3-0e9c8cfc9eff', 'brochure', 'PDM - Product Brochures & Info/Sharps Caddy/Brochure/Sharps Caddy_Brochure 2025.pdf', 'Sharps Caddy_Brochure 2025.pdf', NULL, 'application/pdf', NULL, true, '2025-12-02 15:02:36.885388+00', '2025-12-02 15:02:36.885388+00'),
	('743ae4ba-0bf3-49ea-b137-db7e00743037', '3f4136ab-2e2b-4b4a-b41d-f9aa87aefda4', 'brochure', 'PDM - Product Brochures & Info/Sharps Caddy/Brochure/Sharps Caddy_Brochure 2025.pdf', 'Sharps Caddy_Brochure 2025.pdf', NULL, 'application/pdf', NULL, true, '2025-12-02 15:02:36.885388+00', '2025-12-02 15:02:36.885388+00'),
	('2b8a8f45-411a-48f2-b5d2-d6600c2c0acf', '610fa41d-81d7-4609-9cf2-98e42e2aaf03', 'brochure', 'PDM - Product Brochures & Info/Sharps Caddy/Brochure/Sharps Caddy_Brochure 2025.pdf', 'Sharps Caddy_Brochure 2025.pdf', NULL, 'application/pdf', NULL, true, '2025-12-02 15:02:36.885388+00', '2025-12-02 15:02:36.885388+00'),
	('651024bc-d219-45c7-bc71-19a223e113f6', 'f5ad8c07-bb56-4b10-bb8a-33bbb1199dfd', 'brochure', 'PDM - Product Brochures & Info/Sharps Caddy/Brochure/Sharps Caddy_Brochure 2025.pdf', 'Sharps Caddy_Brochure 2025.pdf', NULL, 'application/pdf', NULL, true, '2025-12-02 15:02:36.885388+00', '2025-12-02 15:02:36.885388+00'),
	('e790ed1e-aff6-4b29-825c-e29df33a13ca', '777deed6-ba60-43fc-8cb6-57963885828b', 'brochure', 'PDM - Product Brochures & Info/Sharps Caddy/Brochure/Sharps Caddy_Brochure 2025.pdf', 'Sharps Caddy_Brochure 2025.pdf', NULL, 'application/pdf', NULL, true, '2025-12-02 15:02:36.885388+00', '2025-12-02 15:02:36.885388+00'),
	('e4a5dd5d-5591-4cf5-acce-73694d50d68a', '98fb6d44-bcbb-4729-8ed9-04e46ee7daf3', 'brochure', 'PDM - Product Brochures & Info/Sharps Caddy/Brochure/Sharps Caddy_Brochure 2025.pdf', 'Sharps Caddy_Brochure 2025.pdf', NULL, 'application/pdf', NULL, true, '2025-12-02 15:02:36.885388+00', '2025-12-02 15:02:36.885388+00'),
	('5785085b-1137-40e1-b968-89a5022bbd3f', '38e2f1ed-6014-4b60-8607-dde8398fc735', 'brochure', 'PDM - Product Brochures & Info/Sharps Caddy/Brochure/Sharps Caddy_Brochure 2025.pdf', 'Sharps Caddy_Brochure 2025.pdf', NULL, 'application/pdf', NULL, true, '2025-12-02 15:02:36.885388+00', '2025-12-02 15:02:36.885388+00'),
	('fd7c2e6f-3ed1-4ad5-b782-8fef7df6b180', '397b2b04-202c-4cc5-81ea-33e370ca2793', 'brochure', 'PDM - Product Brochures & Info/Sharps Caddy/Brochure/Sharps Caddy_Brochure 2025.pdf', 'Sharps Caddy_Brochure 2025.pdf', NULL, 'application/pdf', NULL, true, '2025-12-02 15:02:36.885388+00', '2025-12-02 15:02:36.885388+00'),
	('54dc7a13-9bcd-45b3-b0dc-62dc2c763555', '1f1b23cb-939f-4366-ae2e-12b13cff591d', 'brochure', 'PDM - Product Brochures & Info/Sharps Transfer Trays/Brochure/PDMedical_Operating Theatre Transfer Trays NW24.pdf', 'PDMedical_Operating Theatre Transfer Trays NW24.pdf', NULL, 'application/pdf', NULL, true, '2025-12-02 15:02:36.885388+00', '2025-12-02 15:02:36.885388+00'),
	('3137d5b4-83c3-407a-8616-a94c0c81aede', 'b12beb78-4af0-4483-a6b2-524366be09b4', 'brochure', 'PDM - Product Brochures & Info/Sharps Transfer Trays/Brochure/PDMedical_Operating Theatre Transfer Trays NW24.pdf', 'PDMedical_Operating Theatre Transfer Trays NW24.pdf', NULL, 'application/pdf', NULL, true, '2025-12-02 15:02:36.885388+00', '2025-12-02 15:02:36.885388+00'),
	('6259e311-48dc-411a-becb-7190d1692dee', '84b56cd6-3f9d-4ace-b598-953866361dca', 'brochure', 'PDM - Product Brochures & Info/Spigots, Connectors and Adaptors/PDMedical_Connectors_ Adaptors_Spigots_Jul2023.pdf', 'PDMedical_Connectors_ Adaptors_Spigots_Jul2023.pdf', NULL, 'application/pdf', NULL, true, '2025-12-02 15:02:36.885388+00', '2025-12-02 15:02:36.885388+00'),
	('805df440-f6b7-431d-a8f2-89db22f41fec', '099cb4cb-de50-4c1d-b2a1-df542d339571', 'brochure', 'PDM - Product Brochures & Info/Spigots, Connectors and Adaptors/PDMedical_Connectors_ Adaptors_Spigots_Jul2023.pdf', 'PDMedical_Connectors_ Adaptors_Spigots_Jul2023.pdf', NULL, 'application/pdf', NULL, true, '2025-12-02 15:02:36.885388+00', '2025-12-02 15:02:36.885388+00'),
	('65d02b47-f68d-41ba-9371-e9f9b36f0f41', '0c4e0bea-e750-4435-b35c-875d065fb589', 'brochure', 'PDM - Product Brochures & Info/Spigots, Connectors and Adaptors/PDMedical_Connectors_ Adaptors_Spigots_Jul2023.pdf', 'PDMedical_Connectors_ Adaptors_Spigots_Jul2023.pdf', NULL, 'application/pdf', NULL, true, '2025-12-02 15:02:36.885388+00', '2025-12-02 15:02:36.885388+00'),
	('611b825c-1737-4736-9e50-5c88ea2df112', 'c4dc3913-490b-4ba0-8854-6539b5d8c457', 'brochure', 'PDM - Product Brochures & Info/Spigots, Connectors and Adaptors/PDMedical_Connectors_ Adaptors_Spigots_Jul2023.pdf', 'PDMedical_Connectors_ Adaptors_Spigots_Jul2023.pdf', NULL, 'application/pdf', NULL, true, '2025-12-02 15:02:36.885388+00', '2025-12-02 15:02:36.885388+00'),
	('1f8c4cef-dffc-4222-984e-be64f092c3db', 'b200693e-6dc5-4044-822f-357a7866152d', 'brochure', 'PDM - Product Brochures & Info/Spigots, Connectors and Adaptors/PDMedical_Connectors_ Adaptors_Spigots_Jul2023.pdf', 'PDMedical_Connectors_ Adaptors_Spigots_Jul2023.pdf', NULL, 'application/pdf', NULL, true, '2025-12-02 15:02:36.885388+00', '2025-12-02 15:02:36.885388+00'),
	('57dbd9b3-3507-4575-bd3b-468c8b30aa11', 'fbe5349d-cb27-4e21-ac29-e46c472d437f', 'brochure', 'PDM - Product Brochures & Info/Spigots, Connectors and Adaptors/PDMedical_Connectors_ Adaptors_Spigots_Jul2023.pdf', 'PDMedical_Connectors_ Adaptors_Spigots_Jul2023.pdf', NULL, 'application/pdf', NULL, true, '2025-12-02 15:02:36.885388+00', '2025-12-02 15:02:36.885388+00'),
	('fcd95c54-778a-4bdd-99a7-13ec3e3ea776', '61486f88-05a2-4b4b-8f70-5192196846b1', 'brochure', 'PDM - Product Brochures & Info/Spigots, Connectors and Adaptors/PDMedical_Connectors_ Adaptors_Spigots_Jul2023.pdf', 'PDMedical_Connectors_ Adaptors_Spigots_Jul2023.pdf', NULL, 'application/pdf', NULL, true, '2025-12-02 15:02:36.885388+00', '2025-12-02 15:02:36.885388+00'),
	('894e52d5-2c13-4743-a26c-e64a0d17661d', '0fb6369c-8177-484b-96e8-9a6c860a5826', 'brochure', 'PDM - Product Brochures & Info/Spigots, Connectors and Adaptors/PDMedical_Connectors_ Adaptors_Spigots_Jul2023.pdf', 'PDMedical_Connectors_ Adaptors_Spigots_Jul2023.pdf', NULL, 'application/pdf', NULL, true, '2025-12-02 15:02:36.885388+00', '2025-12-02 15:02:36.885388+00'),
	('8f438dec-14cd-4485-a881-5a2d9c1075d3', 'e8f24ece-9f0e-4354-b6c6-bfae8ed04c48', 'brochure', 'PDM - Product Brochures & Info/Spigots, Connectors and Adaptors/PDMedical_Connectors_ Adaptors_Spigots_Jul2023.pdf', 'PDMedical_Connectors_ Adaptors_Spigots_Jul2023.pdf', NULL, 'application/pdf', NULL, true, '2025-12-02 15:02:36.885388+00', '2025-12-02 15:02:36.885388+00'),
	('c848e029-9c6b-441c-8848-1c4f1f50534f', '44b96868-677c-4bc9-b65a-bfae20ad8613', 'brochure', 'PDM - Product Brochures & Info/Spigots, Connectors and Adaptors/PDMedical_Connectors_ Adaptors_Spigots_Jul2023.pdf', 'PDMedical_Connectors_ Adaptors_Spigots_Jul2023.pdf', NULL, 'application/pdf', NULL, true, '2025-12-02 15:02:36.885388+00', '2025-12-02 15:02:36.885388+00'),
	('fb0ccb51-ee17-4ffe-b3a5-5623e057e892', '16041fa6-c09e-4aaf-bf08-bd71ffb76029', 'brochure', 'PDM - Product Brochures & Info/Spigots, Connectors and Adaptors/PDMedical_Connectors_ Adaptors_Spigots_Jul2023.pdf', 'PDMedical_Connectors_ Adaptors_Spigots_Jul2023.pdf', NULL, 'application/pdf', NULL, true, '2025-12-02 15:02:36.885388+00', '2025-12-02 15:02:36.885388+00'),
	('1f5bb534-5d10-487a-85b5-66823e06b749', 'f88ac0a6-c2d8-4649-8be9-0eab6bf5ca69', 'brochure', 'PDM - Product Brochures & Info/Spigots, Connectors and Adaptors/PDMedical_Connectors_ Adaptors_Spigots_Jul2023.pdf', 'PDMedical_Connectors_ Adaptors_Spigots_Jul2023.pdf', NULL, 'application/pdf', NULL, true, '2025-12-02 15:02:36.885388+00', '2025-12-02 15:02:36.885388+00'),
	('2d77cb5a-cb8f-4315-8687-7b5d078c6454', 'b7baccee-33ab-4ed3-88a1-e0895b4f4ee5', 'brochure', 'PDM - Product Brochures & Info/Spigots, Connectors and Adaptors/PDMedical_Connectors_ Adaptors_Spigots_Jul2023.pdf', 'PDMedical_Connectors_ Adaptors_Spigots_Jul2023.pdf', NULL, 'application/pdf', NULL, true, '2025-12-02 15:02:36.885388+00', '2025-12-02 15:02:36.885388+00'),
	('405b0798-5402-42c9-853c-9bbaa58c9524', '8fcb87af-d9b0-4b6f-8c79-7c68d324e6d7', 'brochure', 'PDM - Product Brochures & Info/Spigots, Connectors and Adaptors/PDMedical_Connectors_ Adaptors_Spigots_Jul2023.pdf', 'PDMedical_Connectors_ Adaptors_Spigots_Jul2023.pdf', NULL, 'application/pdf', NULL, true, '2025-12-02 15:02:36.885388+00', '2025-12-02 15:02:36.885388+00'),
	('ad01ec8b-efa2-4bc5-b7d5-7cc2615b8ffa', 'fead3008-c438-4370-8017-bbf42e83b435', 'brochure', 'PDM - Product Brochures & Info/Spigots, Connectors and Adaptors/PDMedical_Connectors_ Adaptors_Spigots_Jul2023.pdf', 'PDMedical_Connectors_ Adaptors_Spigots_Jul2023.pdf', NULL, 'application/pdf', NULL, true, '2025-12-02 15:02:36.885388+00', '2025-12-02 15:02:36.885388+00'),
	('3ff4107d-6979-4005-b700-9aa109b0f8b0', '230a690d-0917-4a5d-a1ed-6d9338171a71', 'brochure', 'PDM - Product Brochures & Info/Spigots, Connectors and Adaptors/PDMedical_Connectors_ Adaptors_Spigots_Jul2023.pdf', 'PDMedical_Connectors_ Adaptors_Spigots_Jul2023.pdf', NULL, 'application/pdf', NULL, true, '2025-12-02 15:02:36.885388+00', '2025-12-02 15:02:36.885388+00'),
	('2789c5b8-a910-4a60-8834-abd79700443d', '94eb0d85-7eaa-4cc4-9a47-e4fa9e2dac52', 'brochure', 'PDM - Product Brochures & Info/Spigots, Connectors and Adaptors/PDMedical_Connectors_ Adaptors_Spigots_Jul2023.pdf', 'PDMedical_Connectors_ Adaptors_Spigots_Jul2023.pdf', NULL, 'application/pdf', NULL, true, '2025-12-02 15:02:36.885388+00', '2025-12-02 15:02:36.885388+00');


--

SET session_replication_role = DEFAULT;
